id,first_name,last_name,email,gender,ip_address,car_make,car_model,car_year,money
1,Clyde,Castel,ccastel0@360.cn,Male,90.69.42.9,BMW,6 Series,2012,$7522.97
1,Clyde,Castel,ccastel0@360.cn,Male,90.69.42.9,BMW,6 Series,2012,$7522.97
2,Upton,Richie,urichie1@oakley.com,Male,102.104.55.180,Audi,A6,2002,$597.95
2,Upton,Richie,urichie1@oakley.com,Male,102.104.55.180,Audi,A6,2002,$597.95
3,Neville,Gorce,ngorce2@reference.com,Male,174.32.6.197,Toyota,Land Cruiser,2001,$3903.69
4,Chandler,Povey,cpovey3@1und1.de,Male,14.126.78.80,Lotus,Esprit,1987,$3313.40
5,Weider,Brydone,wbrydone4@alibaba.com,Male,165.243.231.201,Ford,F-350 Super Duty,2006,$4763.96
6,Ali,Limeburner,alimeburner5@fastcompany.com,Male,149.20.241.39,Volvo,XC90,2009,$5561.33
7,Otha,Pirdy,opirdy6@wikispaces.com,Female,134.119.25.56,Chevrolet,Cobalt,2008,$5488.13
8,Reube,Babington,rbabington7@diigo.com,Male,40.134.153.184,GMC,Sierra 3500,2006,$7438.91
9,Aurthur,Jindrak,ajindrak8@omniture.com,Male,12.166.182.114,Honda,CR-V,2007,$6649.83
10,Stefanie,Sivill,ssivill9@yellowbook.com,Female,22.230.102.212,Nissan,Rogue,2010,$6013.26
11,Ben,Toor,btoora@ibm.com,Male,212.90.95.232,Chevrolet,Express 3500,1999,$3400.45
12,Ruthi,Arrault,rarraultb@multiply.com,Female,206.168.254.82,Infiniti,IPL G,2012,$6035.14
13,Aguste,Doog,adoogc@woothemes.com,Male,184.28.123.159,Toyota,T100 Xtra,1997,$3549.91
14,Robby,Shackleton,rshackletond@facebook.com,Female,201.216.130.169,Buick,Park Avenue,1996,$3307.89
15,Filberto,Jump,fjumpe@cyberchimps.com,Male,35.145.154.249,Volvo,940,1995,$1355.86
16,Georgeanne,Bitcheno,gbitchenof@pcworld.com,Female,55.79.21.207,Ford,Freestar,2007,$7673.55
17,Skylar,Augur,saugurg@livejournal.com,Male,177.121.54.245,Honda,Accord,2012,$8979.24
18,Brinn,Guillotin,bguillotinh@dmoz.org,Female,79.188.253.143,Volvo,C70,2002,$8315.19
19,Nikola,Decent,ndecenti@slate.com,Male,67.91.98.253,Lexus,GX,2010,$6065.51
20,Tomlin,Mattaser,tmattaserj@bbb.org,Male,196.151.91.12,Jaguar,XJ Series,2001,$9575.99
21,Avrit,Joutapaitis,ajoutapaitisk@gnu.org,Female,191.241.58.98,GMC,Rally Wagon 3500,1993,$5421.17
22,Morton,Spours,mspoursl@histats.com,Male,182.254.12.112,Chevrolet,Cobalt,2010,$4683.98
23,Alphard,Weall,aweallm@google.com,Male,156.129.11.84,Mercedes-Benz,S-Class,2003,$1894.88
24,Laurens,MacMaykin,lmacmaykinn@ustream.tv,Male,173.81.248.228,Mitsubishi,Chariot,1993,$1471.82
25,Rustin,Trengrove,rtrengroveo@reverbnation.com,Male,104.245.84.254,Ferrari,FF,2012,$4372.47
26,Ronnie,Tonkin,rtonkinp@t.co,Male,120.157.158.78,Chevrolet,Corvette,1997,$1422.68
27,Consolata,Breese,cbreeseq@ca.gov,Female,166.112.218.67,Volkswagen,R32,2008,$5993.79
28,Kaia,Beslier,kbeslierr@nhs.uk,Female,200.158.86.46,Audi,RS6,2003,$609.06
29,Erna,Duckels,educkelss@army.mil,Female,225.51.54.166,Buick,Century,1989,$8680.38
30,Rad,Ewenson,rewensont@upenn.edu,Male,67.147.115.14,Porsche,911,1995,$6588.12
31,Yule,Tesyro,ytesyrou@xrea.com,Male,225.196.66.18,Mazda,626,1996,$1418.02
32,Jere,Mayes,jmayesv@yellowpages.com,Male,161.158.25.70,Chevrolet,Colorado,2004,$2628.91
33,Ber,De la Yglesias,bdelayglesiasw@rakuten.co.jp,Male,93.169.198.29,Nissan,Maxima,2011,$3278.93
34,Marshall,Medina,mmedinax@engadget.com,Male,200.240.31.216,Lincoln,LS,2000,$4294.49
35,Myles,Idel,midely@acquirethisname.com,Male,190.143.80.203,Toyota,4Runner,1992,$9679.50
36,Zerk,Ochiltree,zochiltreez@mapquest.com,Male,30.135.119.130,Cadillac,XLR,2008,$7315.72
37,Briano,McKearnen,bmckearnen10@bloglines.com,Male,207.144.75.234,Buick,Century,1997,$7604.99
38,Merrill,Dobbinson,mdobbinson11@gnu.org,Male,25.183.22.19,Holden,Monaro,2004,$5742.81
39,Danie,Richardin,drichardin12@biblegateway.com,Male,229.73.79.121,Lexus,ES,1997,$9654.18
40,Miltie,Esherwood,mesherwood13@youtube.com,Male,64.92.104.130,Toyota,Matrix,2012,$5788.82
41,Stace,Budd,sbudd14@hibu.com,Female,206.151.167.50,Isuzu,VehiCROSS,1999,$2624.92
42,Helene,Sey,hsey15@example.com,Female,101.171.41.170,Toyota,Tacoma Xtra,2002,$3314.85
43,Farr,Proppers,fproppers16@cocolog-nifty.com,Male,207.90.250.167,GMC,Sierra 1500,2009,$7108.60
44,Neall,Dennehy,ndennehy17@tinyurl.com,Male,11.170.224.114,BMW,5 Series,2008,$3976.67
45,Lacy,Morston,lmorston18@nyu.edu,Female,123.249.5.87,Lexus,ES,2004,$1369.32
46,Tammie,Hakonsson,thakonsson19@cnn.com,Female,1.81.107.160,Ford,Expedition,2010,$7262.15
47,Ric,Cassidy,rcassidy1a@census.gov,Male,70.1.1.49,Ford,F350,2005,$1080.14
48,Revkah,Hadlow,rhadlow1b@yellowpages.com,Female,27.36.182.165,Ford,Econoline E350,1998,$2688.39
49,Stormy,Vaar,svaar1c@huffingtonpost.com,Female,38.236.162.176,Mercury,Sable,2003,$6256.91
50,Dav,Kinworthy,dkinworthy1d@cocolog-nifty.com,Male,240.33.39.160,Buick,Skylark,1991,$5418.65
51,Britt,Bryns,bbryns1e@yelp.com,Male,247.183.250.197,Chevrolet,Express 1500,2011,$3385.38
52,Glynda,Tebbe,gtebbe1f@engadget.com,Female,122.58.121.97,Chrysler,300,2011,$8144.75
53,Enrichetta,Flaxman,eflaxman1g@people.com.cn,Female,44.182.157.23,GMC,1500 Club Coupe,1993,$2098.19
54,Sarene,Twell,stwell1h@guardian.co.uk,Female,167.142.253.232,Suzuki,Forenza,2006,$4948.88
55,Dennis,Kleinschmidt,dkleinschmidt1i@technorati.com,Male,163.244.116.14,Dodge,Ram 1500,1995,$2663.36
56,Ambrosi,Tonkes,atonkes1j@mac.com,Male,133.178.54.130,Land Rover,Range Rover,2012,$226.37
57,Sherie,Stitcher,sstitcher1k@weather.com,Female,158.68.53.147,Mercury,Cougar,1994,$7398.25
58,Thom,Milam,tmilam1l@mayoclinic.com,Male,139.235.23.59,Porsche,928,1990,$3217.73
59,Travus,Littledike,tlittledike1m@cocolog-nifty.com,Male,75.52.187.87,Mercedes-Benz,Sprinter,2010,$8640.10
60,Myrtie,Guitt,mguitt1n@i2i.jp,Female,27.63.100.118,GMC,Yukon,2013,$8750.22
61,Randolph,Dorsett,rdorsett1o@phpbb.com,Male,112.153.240.71,Mercedes-Benz,SL-Class,1990,$9512.68
62,Rafferty,Notton,rnotton1p@google.fr,Male,77.243.73.143,Mitsubishi,Outlander,2009,$7991.11
63,Lilian,Galvin,lgalvin1q@virginia.edu,Female,95.12.143.197,Mazda,MX-5,2008,$5672.22
64,Skylar,Trevena,strevena1r@about.com,Male,67.114.13.116,Pontiac,Grand Prix,1988,$2558.36
65,Winna,Pattenden,wpattenden1s@shutterfly.com,Female,193.86.220.145,GMC,Suburban 1500,1999,$9889.87
66,Herb,Privost,hprivost1t@google.nl,Male,181.105.170.155,BMW,M5,2000,$5774.10
67,Justen,McIntee,jmcintee1u@independent.co.uk,Male,192.8.135.218,Pontiac,Grand Am,1987,$3007.23
68,Falito,Neising,fneising1v@tiny.cc,Male,222.88.90.53,Fairthorpe,Rockette,1960,$8504.46
69,Robinson,Heazel,rheazel1w@gizmodo.com,Male,72.102.10.30,Toyota,4Runner,2007,$3221.93
70,Reamonn,Baston,rbaston1x@twitter.com,Male,201.9.171.237,Honda,Fit,2011,$4337.85
71,Rockwell,O'Shesnan,roshesnan1y@state.tx.us,Male,52.26.241.9,Toyota,Sequoia,2008,$1117.24
72,Thayne,Wisdish,twisdish1z@blogs.com,Male,78.136.1.248,Chevrolet,Volt,2011,$8560.05
73,Thadeus,Bosket,tbosket20@comsenz.com,Male,161.58.41.81,Pontiac,Firebird,1993,$3930.05
74,Iorgo,Coltart,icoltart21@geocities.com,Male,92.115.217.166,Saturn,S-Series,1994,$351.13
75,Kerrie,Mullard,kmullard22@trellian.com,Female,42.15.25.197,Maserati,Spyder,1989,$9045.90
76,Shandy,Vardon,svardon23@house.gov,Female,106.123.176.113,Dodge,Dakota Club,2001,$2641.93
77,Emmanuel,Ballaam,eballaam24@tuttocitta.it,Male,65.153.210.189,Land Rover,Discovery,2007,$9532.48
78,Demetri,Acory,dacory25@nih.gov,Male,56.127.114.249,Volkswagen,Eurovan,1994,$1205.84
79,Marcia,Yeiles,myeiles26@hud.gov,Female,193.174.154.63,Ford,E350,2010,$4868.74
80,Erica,Hickisson,ehickisson27@studiopress.com,Female,45.60.163.98,Mazda,CX-9,2010,$3601.74
81,Jeromy,Schuck,jschuck28@blogger.com,Male,145.77.93.43,Dodge,Ram 1500,2003,$4910.94
82,Taddeo,Mattecot,tmattecot29@tinyurl.com,Male,47.234.168.162,GMC,Savana 1500,2003,$7766.01
83,Freddie,Pregal,fpregal2a@techcrunch.com,Male,227.49.88.139,Honda,Odyssey,2005,$8664.08
84,Stewart,Whebell,swhebell2b@cbslocal.com,Male,158.52.179.46,Honda,Civic,1992,$6330.60
85,Dukey,Costock,dcostock2c@earthlink.net,Male,217.21.65.108,Ford,Econoline E250,1995,$781.84
86,Pearla,Davana,pdavana2d@mozilla.com,Female,131.147.167.96,Mercedes-Benz,S-Class,1993,$4371.76
87,Wilmette,Franke,wfranke2e@dell.com,Female,202.84.124.78,Audi,S4,2004,$2968.71
88,Bellanca,Wardall,bwardall2f@soup.io,Female,151.4.119.127,Maybach,57,2011,$2783.76
89,Dannie,Roust,droust2g@last.fm,Female,221.247.212.102,Ford,F-Series,1990,$8601.93
90,Laina,Willisch,lwillisch2h@xinhuanet.com,Female,176.44.91.54,Honda,Insight,2004,$3116.01
91,Gawen,Jennins,gjennins2i@rakuten.co.jp,Male,133.46.87.79,Lotus,Evora,2012,$4.38
92,Germain,Kivits,gkivits2j@fastcompany.com,Male,221.129.199.39,GMC,Envoy,2003,$7061.79
93,Benjamen,Bernakiewicz,bbernakiewicz2k@ocn.ne.jp,Male,165.97.27.80,Volkswagen,Touareg 2,2009,$1436.36
94,Erminie,Mowat,emowat2l@disqus.com,Female,153.99.152.209,Toyota,Highlander,2006,$9456.01
95,Teddy,Arzu,tarzu2m@google.it,Female,102.247.111.114,Ford,Bronco,1995,$1728.86
96,Mendel,Dickins,mdickins2n@ycombinator.com,Male,217.163.137.118,Hummer,H1,2001,$5707.09
97,Kore,Balogh,kbalogh2o@cnet.com,Female,90.11.9.134,Mazda,RX-7,1991,$6980.13
98,Delphine,Dunbobbin,ddunbobbin2p@163.com,Female,16.83.71.4,Dodge,Ram Van 3500,1996,$5768.48
99,Aurore,Wedlock,awedlock2q@goodreads.com,Female,184.163.59.211,Jeep,Wrangler,1992,$5386.25
100,Raul,Saur,rsaur2r@shop-pro.jp,Male,30.6.163.51,Land Rover,Defender,1997,$4831.29
101,Zeke,Wippermann,zwippermann2s@hud.gov,Male,189.150.246.110,Ford,Econoline E350,1994,$622.30
102,Elvin,Cutmore,ecutmore2t@purevolume.com,Male,149.194.141.7,Porsche,Cayman,2012,$1127.15
103,Jo ann,Winfield,jwinfield2u@theguardian.com,Female,236.9.66.198,Smart,Fortwo,2012,$160.53
104,Joey,Ivatt,jivatt2v@blogtalkradio.com,Male,90.121.151.254,Mitsubishi,Lancer,2003,$32.18
105,Ezra,Crutchley,ecrutchley2w@nps.gov,Male,213.237.102.239,Buick,Estate,1989,$3014.80
106,Lyon,Matyushenko,lmatyushenko2x@hp.com,Male,17.155.148.88,Chevrolet,Suburban 1500,1997,$8476.54
107,Jason,Scrace,jscrace2y@ow.ly,Male,87.54.36.22,Chrysler,300,1999,$1155.42
108,Audre,Leyrroyd,aleyrroyd2z@4shared.com,Female,179.137.5.131,Chrysler,Pacifica,2005,$5035.33
109,Angy,Sondland,asondland30@last.fm,Female,214.126.223.184,Volkswagen,Golf,1995,$2529.42
110,Lacie,Champkins,lchampkins31@jiathis.com,Female,103.205.2.136,Lexus,LS,2007,$3610.31
111,Friedrich,Knoles,fknoles32@indiatimes.com,Male,108.174.26.6,Volkswagen,New Beetle,2004,$5484.51
112,Hedda,Anfusso,hanfusso33@hp.com,Female,234.37.1.90,Pontiac,Sunfire,1999,$4336.85
113,Celia,Olanda,colanda34@goodreads.com,Female,161.108.255.253,Kia,Sedona,2008,$8550.41
114,Mary,Clavey,mclavey35@virginia.edu,Female,54.40.151.64,Chrysler,Town & Country,2010,$4730.52
115,Myrah,Hannant,mhannant36@sphinn.com,Female,121.71.142.239,BMW,530,2003,$295.05
116,Elspeth,Scotford,escotford37@businessinsider.com,Female,241.141.61.101,Ford,Mustang,1986,$5681.26
117,Catriona,Rubinivitz,crubinivitz38@amazonaws.com,Female,141.164.157.209,Saab,900,1984,$3997.58
118,Stefan,Yendle,syendle39@google.co.jp,Male,196.220.201.183,Chevrolet,Tahoe,2010,$1842.70
119,Brandon,Burdus,bburdus3a@google.ca,Male,57.228.129.161,Volkswagen,Cabriolet,1998,$8205.83
120,Patrice,Skamal,pskamal3b@com.com,Male,29.165.150.44,Cadillac,CTS,2012,$9794.43
121,Kennan,Kellart,kkellart3c@miibeian.gov.cn,Male,112.106.171.137,Ford,Probe,1991,$7670.85
122,Thomasina,Fellgate,tfellgate3d@wufoo.com,Female,213.155.38.252,Dodge,Ram Van B250,1994,$9421.15
123,Babara,Moppett,bmoppett3e@cnet.com,Female,112.207.112.113,Saab,9-5,2005,$4298.46
124,Sophie,Claybourne,sclaybourne3f@upenn.edu,Female,197.92.252.146,BMW,Z8,2000,$737.78
125,Gael,Bearfoot,gbearfoot3g@hostgator.com,Male,87.87.146.69,Lexus,IS,2008,$9612.40
126,Napoleon,Tracey,ntracey3h@meetup.com,Male,224.113.147.85,Land Rover,Range Rover,2006,$8760.13
127,Alisha,Stickney,astickney3i@barnesandnoble.com,Female,54.120.206.246,Porsche,911,1988,$3356.00
128,Gaylord,Goodey,ggoodey3j@themeforest.net,Male,174.242.217.58,Volkswagen,Routan,2009,$4505.55
129,Renae,Benettolo,rbenettolo3k@bbc.co.uk,Female,20.130.234.146,Audi,5000CS Quattro,1986,$796.67
130,Sayre,Anthony,santhony3l@mysql.com,Male,181.158.130.92,Porsche,911,1989,$2940.23
131,Salomi,Stuttman,sstuttman3m@github.io,Female,10.244.30.8,Mitsubishi,Pajero,1986,$5396.38
132,Tremaine,Dimock,tdimock3n@opera.com,Male,244.56.202.237,Daewoo,Lanos,2001,$2008.37
133,Hermina,Mahmood,hmahmood3o@cbslocal.com,Female,180.138.235.81,Volvo,S80,2011,$6211.35
134,Bartie,Syvret,bsyvret3p@bravesites.com,Male,36.7.128.73,Lexus,RX,2013,$2763.37
135,Ranna,MacRinn,rmacrinn3q@live.com,Female,19.1.26.221,Honda,Accord,1996,$1982.25
136,Albertina,Haggata,ahaggata3r@netscape.com,Female,176.201.18.141,Ford,Bronco,1985,$4044.69
137,Anny,Marriot,amarriot3s@upenn.edu,Female,122.117.238.146,Mitsubishi,L300,1987,$4179.93
138,Nicholas,Freckelton,nfreckelton3t@mozilla.org,Male,96.218.144.244,GMC,Yukon XL 1500,2004,$1318.97
139,Brendon,Bims,bbims3u@narod.ru,Male,62.175.236.242,Ford,E-Series,1989,$9222.53
140,Glen,Baitson,gbaitson3v@wufoo.com,Male,89.77.144.103,Volkswagen,Touareg,2007,$3411.21
141,Aarika,Greaterex,agreaterex3w@slideshare.net,Female,68.205.210.214,Acura,Legend,1992,$577.41
142,Roseline,Linggard,rlinggard3x@archive.org,Female,220.147.216.76,Buick,Century,1985,$1972.01
143,Paulie,Broyd,pbroyd3y@mayoclinic.com,Female,82.217.9.192,Mercury,Mountaineer,2004,$7399.27
144,Sonnnie,Taborre,staborre3z@census.gov,Female,63.32.49.173,Hyundai,Elantra,2000,$1491.29
145,Bartholomeus,Bellew,bbellew40@dropbox.com,Male,96.199.121.188,Daewoo,Nubira,2002,$4612.22
146,Celina,McTrustey,cmctrustey41@sbwire.com,Female,0.53.115.57,Mitsubishi,Pajero,1992,$7140.98
147,Bank,Waller,bwaller42@senate.gov,Male,205.145.76.133,Honda,Prelude,1984,$2044.26
148,Candace,Del Castello,cdelcastello43@technorati.com,Female,113.125.250.215,Acura,MDX,2004,$8768.30
149,Kari,Franzettoini,kfranzettoini44@soundcloud.com,Female,230.25.232.2,GMC,3500,1994,$2967.59
150,Mickey,Willoughby,mwilloughby45@wikia.com,Male,112.53.239.172,Ford,Probe,1993,$9180.73
151,Nomi,Hatherleigh,nhatherleigh46@apache.org,Female,93.243.254.200,Kia,Spectra,2009,$3414.71
152,Cherlyn,Tipple,ctipple47@pagesperso-orange.fr,Female,33.201.216.34,Acura,TL,2002,$5023.54
153,Edsel,Tezure,etezure48@virginia.edu,Male,221.132.98.240,Mitsubishi,Diamante,2004,$6307.77
154,Riobard,Chittim,rchittim49@guardian.co.uk,Male,71.192.140.79,Jeep,Commander,2009,$8045.57
155,Audie,Rolland,arolland4a@goodreads.com,Female,114.30.222.116,Mercury,Sable,2004,$291.51
156,Andreana,Found,afound4b@twitter.com,Female,130.177.245.119,Porsche,911,1994,$6920.39
157,Shannon,Bulpitt,sbulpitt4c@apache.org,Male,96.193.165.56,Cadillac,DeVille,1992,$5419.76
158,Aretha,Sweetzer,asweetzer4d@comcast.net,Female,111.121.33.134,Toyota,Matrix,2012,$6783.88
159,Romy,Klishin,rklishin4e@google.it,Female,26.26.88.24,Chevrolet,HHR Panel,2006,$281.11
160,Moses,Chanders,mchanders4f@who.int,Male,147.252.126.163,Ford,Laser,1988,$9316.49
161,Ketti,Goodbourn,kgoodbourn4g@auda.org.au,Female,60.184.171.44,BMW,X5 M,2011,$6432.07
162,Meir,Maria,mmaria4h@craigslist.org,Male,219.73.156.185,Subaru,Justy,1987,$7967.55
163,Dennet,Marcussen,dmarcussen4i@histats.com,Male,35.115.202.150,Chevrolet,Prizm,2000,$2059.73
164,Lacey,Hartmann,lhartmann4j@sbwire.com,Female,224.39.25.114,Infiniti,G,1994,$6552.27
165,Ware,Chieze,wchieze4k@i2i.jp,Male,230.77.62.84,Mercury,Mariner,2006,$8398.18
166,Chic,Mertel,cmertel4l@edublogs.org,Male,236.232.255.170,Chrysler,Town & Country,2010,$7598.74
167,Pall,Lissandrini,plissandrini4m@gizmodo.com,Male,163.96.203.168,Maybach,62,2011,$6522.32
168,Marcy,Pitrollo,mpitrollo4n@toplist.cz,Female,25.215.195.130,Subaru,Tribeca,2012,$2793.52
169,Tammi,Antunez,tantunez4o@timesonline.co.uk,Female,47.250.93.128,Infiniti,I,2004,$1663.07
170,Guenevere,Deniseau,gdeniseau4p@angelfire.com,Female,242.240.171.56,Buick,Skylark,1985,$7128.48
171,Lorens,Milbank,lmilbank4q@weibo.com,Male,159.50.192.73,Nissan,Quest,2002,$5970.26
172,Cayla,Rudinger,crudinger4r@163.com,Female,90.95.71.227,Nissan,Maxima,2006,$9791.74
173,Fabio,Gianullo,fgianullo4s@imgur.com,Male,100.64.151.72,Buick,Regal,1989,$7198.11
174,Salvatore,Dallender,sdallender4t@constantcontact.com,Male,229.52.187.74,Chevrolet,Express 3500,1997,$2066.03
175,Lucy,Antonacci,lantonacci4u@yale.edu,Female,221.50.38.16,Subaru,Justy,1993,$1525.02
176,Marlow,Minette,mminette4v@yolasite.com,Male,97.184.65.43,Chevrolet,Corvette,2009,$5962.12
177,Maxim,Gledhall,mgledhall4w@nationalgeographic.com,Male,183.128.102.197,Honda,Civic,2003,$5352.01
178,Nora,Burland,nburland4x@ft.com,Female,6.72.152.145,Subaru,Loyale,1994,$105.93
179,Maressa,Croyden,mcroyden4y@jalbum.net,Female,184.230.139.94,Lexus,LX,2013,$2314.42
180,Marney,Glacken,mglacken4z@mashable.com,Female,219.220.117.204,Mitsubishi,Lancer Evolution,2008,$4755.00
181,Alla,Hedger,ahedger50@imdb.com,Female,89.229.218.173,Dodge,Dakota Club,1997,$2186.40
182,Tootsie,Delves,tdelves51@blogger.com,Female,205.135.8.120,Porsche,Cayman,2006,$9164.08
183,Winny,Ayrton,wayrton52@smh.com.au,Male,106.235.21.121,Volkswagen,Scirocco,1988,$4858.69
184,Arvie,Callum,acallum53@businessinsider.com,Male,74.99.22.3,Suzuki,Daewoo Magnus,2005,$3409.17
185,Haily,Bernadot,hbernadot54@squarespace.com,Female,11.41.27.9,Chevrolet,Camaro,1975,$9987.66
186,Janeva,Tiler,jtiler55@foxnews.com,Female,246.95.150.238,Mazda,MPV,2001,$2403.29
187,Hazel,Filson,hfilson56@disqus.com,Male,184.138.169.96,Mazda,MX-5,1995,$4723.15
188,Alyosha,Huggan,ahuggan57@seesaa.net,Male,68.131.162.120,Dodge,Ram 2500,1994,$1735.38
189,Vivyan,Kemmish,vkemmish58@nps.gov,Female,228.198.85.31,Lincoln,Town Car,1986,$8384.13
190,Derril,Bum,dbum59@delicious.com,Male,201.86.52.158,Chevrolet,Suburban 1500,1996,$316.17
191,Alicia,Ramsted,aramsted5a@icio.us,Female,240.107.111.159,Acura,ZDX,2010,$9426.23
192,Zia,O'Corrin,zocorrin5b@angelfire.com,Female,169.56.175.56,Scion,FR-S,2013,$1893.73
193,Estel,Dietmar,edietmar5c@ezinearticles.com,Female,56.19.142.172,Hummer,H1,2004,$4760.14
194,Arty,Toffalo,atoffalo5d@forbes.com,Male,178.54.252.136,Hyundai,XG350,2005,$8362.08
195,Sammie,Tatam,statam5e@arstechnica.com,Male,33.114.151.73,Fiat,500,2012,$5107.95
196,Christoffer,Coulling,ccoulling5f@dion.ne.jp,Male,232.63.134.141,Saab,9-3,2003,$9557.80
197,Shari,Mattecot,smattecot5g@telegraph.co.uk,Female,27.227.253.88,Ford,Escort,1984,$2586.70
198,Timmie,Allpress,tallpress5h@miibeian.gov.cn,Female,126.71.104.8,Saturn,Outlook,2009,$3155.30
199,Torie,Viccars,tviccars5i@loc.gov,Female,135.232.23.40,Hummer,H1,2001,$4703.83
200,Margarete,Jerosch,mjerosch5j@slideshare.net,Female,163.58.198.9,Mercedes-Benz,300CE,1993,$6925.85
201,Aindrea,Sterrie,asterrie5k@craigslist.org,Female,110.73.69.56,Mazda,Millenia,1998,$5167.77
202,Robena,Dumbar,rdumbar5l@cbsnews.com,Female,81.211.217.172,Mazda,B-Series,2000,$8336.22
203,Tobin,Rickcord,trickcord5m@cmu.edu,Male,98.48.152.170,Chevrolet,Suburban 1500,2008,$5083.42
204,Cammi,Tabert,ctabert5n@ovh.net,Female,104.31.198.8,Acura,MDX,2004,$5370.34
205,Janine,Caveau,jcaveau5o@newsvine.com,Female,80.121.59.193,BMW,525,2001,$1578.64
206,Franzen,Keddy,fkeddy5p@a8.net,Male,117.149.9.221,Buick,Riviera,1992,$7399.13
207,Lazar,Pedreschi,lpedreschi5q@exblog.jp,Male,143.28.43.116,Lexus,LX,2013,$2947.89
208,Noami,Gair,ngair5r@house.gov,Female,77.153.188.232,Bentley,Brooklands,2010,$1413.83
209,Archambault,Somerfield,asomerfield5s@imageshack.us,Male,47.30.71.247,Chevrolet,Cavalier,2000,$9013.13
210,Ches,Ruffey,cruffey5t@edublogs.org,Male,79.11.233.52,Chevrolet,Corvette,1957,$3124.75
211,Neville,Eseler,neseler5u@ucla.edu,Male,97.25.138.200,Suzuki,Sidekick,1989,$3690.88
212,Kellie,Shearn,kshearn5v@netscape.com,Female,255.240.178.66,Audi,90,1993,$9257.91
213,Darline,Robun,drobun5w@cbslocal.com,Female,168.228.98.157,BMW,545,2005,$9050.57
214,Britta,Fellis,bfellis5x@imdb.com,Female,181.41.46.217,Volkswagen,Golf,1992,$7612.60
215,Brenda,Saynor,bsaynor5y@webeden.co.uk,Female,72.230.251.176,Suzuki,Grand Vitara,2000,$8465.39
216,Jack,Beranek,jberanek5z@sbwire.com,Male,163.178.137.217,Oldsmobile,Ciera,1995,$8826.88
217,Courtnay,Vasishchev,cvasishchev60@xinhuanet.com,Female,80.193.151.57,Ford,LTD Crown Victoria,1989,$4954.81
218,Keeley,Franck,kfranck61@sina.com.cn,Female,104.105.59.122,Chevrolet,Tahoe,2004,$1442.08
219,Anita,Serle,aserle62@hc360.com,Female,122.158.59.12,Volvo,S40,2002,$3666.17
220,Aimee,Patrone,apatrone63@oracle.com,Female,64.12.250.25,Acura,Integra,1994,$8870.19
221,Malorie,Midson,mmidson64@chicagotribune.com,Female,17.196.66.145,Chrysler,Cirrus,1998,$4327.69
222,Jud,Dodsley,jdodsley65@intel.com,Male,70.6.224.186,Lexus,RX,2006,$8878.43
223,Patty,Shewen,pshewen66@smh.com.au,Male,105.156.94.169,Eagle,Summit,1992,$1220.54
224,Bernette,Mc Carroll,bmccarroll67@lycos.com,Female,71.119.155.93,Dodge,Dakota,1996,$4843.74
225,Sheffy,Jay,sjay68@pbs.org,Male,199.205.120.221,Volkswagen,Golf,1984,$1150.51
226,Charil,Tremathick,ctremathick69@va.gov,Female,237.218.52.235,Jaguar,XJ,2009,$6858.49
227,Tierney,Bute,tbute6a@arstechnica.com,Female,77.7.153.26,Mitsubishi,Endeavor,2011,$4716.11
228,Gwenneth,Mesnard,gmesnard6b@cbslocal.com,Female,252.35.182.93,Buick,Regal,2012,$8168.80
229,Niven,Comiskey,ncomiskey6c@blogger.com,Male,211.238.149.251,GMC,3500,1999,$3899.28
230,Erny,Padgham,epadgham6d@macromedia.com,Male,135.158.230.48,Ford,LTD,1984,$9060.08
231,Billie,Fochs,bfochs6e@samsung.com,Male,172.135.194.45,Pontiac,6000,1988,$9190.14
232,Delano,Kench,dkench6f@wufoo.com,Male,251.55.44.101,Cadillac,STS-V,2008,$136.00
233,Doe,Hamp,dhamp6g@mapy.cz,Female,101.72.241.100,Toyota,Xtra,1994,$7133.00
234,Pavlov,Aartsen,paartsen6h@ezinearticles.com,Male,58.149.252.3,Mitsubishi,Eclipse,2009,$9385.42
235,Ivor,Jannaway,ijannaway6i@eepurl.com,Male,214.37.188.245,Lincoln,MKS,2011,$8201.14
236,Pandora,Wogden,pwogden6j@canalblog.com,Female,156.158.58.8,Pontiac,Grand Am,1993,$5367.38
237,Betty,Aykroyd,baykroyd6k@indiatimes.com,Female,223.241.27.23,Chrysler,Sebring,2010,$8054.05
238,Tan,Byneth,tbyneth6l@scribd.com,Male,119.237.43.26,Oldsmobile,Aurora,1996,$2947.14
239,Chick,MacCall,cmaccall6m@webs.com,Male,57.130.43.140,Nissan,Maxima,2005,$4822.22
240,Eldon,Seyffert,eseyffert6n@globo.com,Male,93.8.162.21,Lexus,SC,2009,$2793.59
241,Modesty,Scholling,mscholling6o@last.fm,Female,121.112.96.38,Volvo,960,1993,$2775.64
242,Jude,Leydon,jleydon6p@ftc.gov,Male,177.255.133.82,Saab,9-3,2004,$9957.20
243,Rollie,Ambroziak,rambroziak6q@springer.com,Male,33.136.139.41,Mercedes-Benz,S-Class,2008,$4255.28
244,Dorian,Bartram,dbartram6r@photobucket.com,Female,133.255.156.230,Mitsubishi,Galant,1999,$9444.91
245,Lemar,Riquet,lriquet6s@army.mil,Male,220.196.113.143,Jeep,Wrangler,2006,$9354.26
246,Robby,Klimentyonok,rklimentyonok6t@studiopress.com,Male,207.52.79.22,Mazda,Protege,2003,$5396.41
247,Danie,Duprey,dduprey6u@webmd.com,Male,50.131.110.97,Buick,Rainier,2004,$8600.03
248,Milissent,Bromby,mbromby6v@csmonitor.com,Female,201.135.238.199,Chevrolet,Express 1500,2012,$2382.09
249,Mollee,Scase,mscase6w@netscape.com,Female,121.245.119.205,Isuzu,Rodeo,2004,$68.73
250,Winnie,Harding,wharding6x@washington.edu,Female,131.126.26.32,Honda,FCX Clarity,2012,$3335.43
251,Sydelle,Danielli,sdanielli6y@pinterest.com,Female,25.174.36.235,Ferrari,458 Italia,2010,$6849.67
252,Lonee,Nehls,lnehls6z@va.gov,Female,122.224.102.22,Kia,Rondo,2007,$6666.03
253,Stevie,Welds,swelds70@princeton.edu,Male,78.3.44.138,Dodge,Ram Wagon B150,1993,$8912.75
254,Cymbre,Stickley,cstickley71@disqus.com,Female,34.214.141.204,Plymouth,Grand Voyager,1992,$7593.95
255,Xymenes,Standen,xstanden72@parallels.com,Male,185.73.31.135,Audi,5000CS,1988,$6091.20
256,Theodore,Galloway,tgalloway73@webeden.co.uk,Male,8.42.38.128,Chevrolet,G-Series 2500,1996,$162.09
257,Eddy,Robez,erobez74@123-reg.co.uk,Male,83.159.129.9,Dodge,Caravan,1999,$8748.74
258,Rriocard,Krolak,rkrolak75@tamu.edu,Male,194.247.203.220,Volkswagen,Eurovan,1994,$5048.68
259,Woodrow,Sindle,wsindle76@wsj.com,Male,203.218.12.188,Ford,Fusion,2011,$5806.48
260,Johnnie,Ferber,jferber77@pen.io,Male,105.218.13.148,Volkswagen,Eurovan,1995,$4231.47
261,Irvin,MacIlhagga,imacilhagga78@globo.com,Male,159.177.239.92,Chevrolet,Monte Carlo,1973,$7142.12
262,Clim,Deverson,cdeverson79@simplemachines.org,Male,198.146.202.64,Dodge,Dakota,2007,$782.51
263,Astra,Bootes,abootes7a@spiegel.de,Female,17.203.145.94,Eagle,Summit,1992,$9385.02
264,Tymothy,Pattesall,tpattesall7b@geocities.jp,Male,177.127.156.129,Chevrolet,Lumina,1993,$7131.69
265,Kassey,Sherar,ksherar7c@4shared.com,Female,124.192.147.14,Mercedes-Benz,SLK-Class,2011,$8574.38
266,Herta,Mussilli,hmussilli7d@yale.edu,Female,121.106.137.216,Chrysler,Town & Country,2006,$4231.65
267,Chelsy,Greader,cgreader7e@360.cn,Female,64.175.142.217,Maserati,Quattroporte,2008,$3142.17
268,Mace,Rosenbarg,mrosenbarg7f@opera.com,Male,219.86.37.84,Lexus,LS,1990,$3590.60
269,Aguste,Layson,alayson7g@twitpic.com,Male,37.133.92.47,Audi,Allroad,2004,$893.71
270,Alameda,Killingback,akillingback7h@hubpages.com,Female,222.104.71.155,Nissan,240SX,1994,$637.66
271,Jeff,Abramowitch,jabramowitch7i@buzzfeed.com,Male,194.199.16.149,Volvo,XC70,2009,$5330.57
272,Arabel,Saurin,asaurin7j@tripadvisor.com,Female,190.148.37.49,Volvo,850,1993,$7277.99
273,Tallie,Robertacci,trobertacci7k@e-recht24.de,Female,15.190.39.187,Jaguar,XJ Series,2005,$8507.46
274,Willie,Kingescot,wkingescot7l@google.com.br,Male,160.17.135.133,Chevrolet,Colorado,2005,$5395.64
275,Gottfried,MacKeogh,gmackeogh7m@mac.com,Male,249.0.168.164,Bentley,Arnage,2008,$3189.81
276,Minni,Georgeot,mgeorgeot7n@stumbleupon.com,Female,97.247.16.64,Chevrolet,Silverado 1500,2005,$8775.10
277,Wendell,Isitt,wisitt7o@chron.com,Male,77.253.119.75,Lincoln,MKS,2013,$2375.69
278,Glenden,Bleackly,gbleackly7p@intel.com,Male,118.103.204.93,Mitsubishi,Pajero,2005,$2551.06
279,Madelin,Currin,mcurrin7q@hubpages.com,Female,38.2.180.26,Buick,Regal,1986,$253.02
280,Ronnica,Rayson,rrayson7r@statcounter.com,Female,252.109.131.114,Ford,Escort,1985,$5476.46
281,Rawley,Omond,romond7s@w3.org,Male,10.8.132.204,Dodge,Stealth,1992,$9176.42
282,Kiah,Coull,kcoull7t@apple.com,Female,17.195.141.2,Oldsmobile,Aurora,1997,$6173.35
283,Ilene,Habberjam,ihabberjam7u@jimdo.com,Female,223.44.9.126,Ford,Thunderbird,1985,$7817.00
284,Rutter,MacPike,rmacpike7v@is.gd,Male,221.158.78.64,Chevrolet,Silverado,2010,$5641.04
285,Quincey,Beecroft,qbeecroft7w@ameblo.jp,Male,49.66.184.124,BMW,8 Series,1992,$9140.30
286,Jodi,O' Shea,joshea7x@washingtonpost.com,Male,103.111.173.40,Ram,1500,2012,$3223.75
287,Baird,Stickler,bstickler7y@reddit.com,Male,13.51.48.120,Isuzu,Hombre,1999,$6091.73
288,Lemar,Hartmann,lhartmann7z@macromedia.com,Male,128.251.83.68,Infiniti,EX,2009,$9868.47
289,Lindsay,Baddeley,lbaddeley80@yahoo.co.jp,Male,5.193.120.81,Bentley,Continental Flying Spur,2011,$5049.22
290,Hill,Bernhard,hbernhard81@lycos.com,Male,245.101.222.193,Nissan,Frontier,2010,$2807.32
291,Daphna,Reford,dreford82@list-manage.com,Female,67.235.213.103,Kia,Sportage,2001,$5039.91
292,Regen,Canacott,rcanacott83@google.fr,Male,18.79.7.108,Mazda,MPV,1989,$7697.54
293,Rosabella,Gething,rgething84@domainmarket.com,Female,41.158.146.245,GMC,Sonoma,2001,$9222.01
294,Cory,Eschalette,ceschalette85@springer.com,Female,46.20.151.165,Land Rover,Range Rover,2003,$8464.28
295,Pace,Gouley,pgouley86@nytimes.com,Male,164.243.127.126,Dodge,Dakota Club,1995,$397.03
296,Brandy,Planks,bplanks87@macromedia.com,Male,187.147.168.78,Ford,LTD Crown Victoria,1987,$1184.30
297,Nada,Mattielli,nmattielli88@godaddy.com,Female,179.129.55.177,Porsche,Cayenne,2010,$8913.38
298,Gare,Cerro,gcerro89@independent.co.uk,Male,215.123.231.187,Mercedes-Benz,M-Class,2009,$8400.67
299,Rosabella,Pluthero,rpluthero8a@zimbio.com,Female,33.4.157.15,Chevrolet,Uplander,2007,$4692.19
300,Virgil,Menzies,vmenzies8b@wikia.com,Male,234.114.81.52,Chrysler,Sebring,2010,$2463.43
301,Osbourn,Gozzard,ogozzard8c@samsung.com,Male,108.134.243.178,Ford,Econoline E250,1997,$5027.04
302,Feliks,Compston,fcompston8d@miitbeian.gov.cn,Male,252.239.31.195,Volvo,940,1992,$9111.23
303,Keene,Bettam,kbettam8e@biglobe.ne.jp,Male,108.83.212.49,Mitsubishi,Cordia,1986,$2812.71
304,Ethelind,Umbers,eumbers8f@joomla.org,Female,138.230.169.140,Land Rover,Freelander,2005,$420.65
305,Norman,Isacoff,nisacoff8g@hostgator.com,Male,119.243.244.113,Honda,Civic,2007,$1200.50
306,Sher,Glascott,sglascott8h@topsy.com,Female,90.234.246.161,Dodge,Ram Van 1500,2003,$6448.93
307,Jacky,Winckles,jwinckles8i@cbc.ca,Male,124.237.47.102,Suzuki,Aerio,2004,$1879.11
308,Staford,Whannel,swhannel8j@a8.net,Male,147.167.21.61,Audi,S6,2009,$740.23
309,Cynthy,Swinford,cswinford8k@angelfire.com,Female,210.153.81.18,Subaru,Impreza,1993,$337.63
310,Randie,Coweuppe,rcoweuppe8l@ustream.tv,Female,169.205.46.175,Porsche,928,1995,$2760.36
311,Monica,Ruckledge,mruckledge8m@multiply.com,Female,121.83.174.187,Chevrolet,Monte Carlo,1999,$7732.72
312,Coral,Sherville,csherville8n@sina.com.cn,Female,56.108.173.177,Ford,E-Series,2005,$8161.43
313,Clyve,Tittershill,ctittershill8o@cmu.edu,Male,146.203.150.13,Mercedes-Benz,G-Class,2005,$6073.26
314,Claudio,Claridge,cclaridge8p@1688.com,Male,99.17.123.134,Toyota,Corolla,2003,$2797.45
315,Corbet,Dottrell,cdottrell8q@github.com,Male,180.48.121.105,Mitsubishi,3000GT,1996,$8008.79
316,Rossy,Maccrea,rmaccrea8r@live.com,Male,200.118.207.206,Toyota,Echo,2000,$5235.48
317,Naomi,Hubatsch,nhubatsch8s@qq.com,Female,30.191.57.3,GMC,Savana 3500,2008,$4045.36
318,Nyssa,Wallhead,nwallhead8t@live.com,Female,138.4.231.217,Lincoln,Town Car,2005,$5912.00
319,Quint,Jillitt,qjillitt8u@kickstarter.com,Male,26.204.43.50,Toyota,Paseo,1996,$8767.28
320,Deb,Jowett,djowett8v@comcast.net,Female,74.60.148.185,Honda,S2000,2007,$8717.91
321,Jaimie,Moseley,jmoseley8w@imageshack.us,Female,8.250.178.188,Mercury,Sable,2008,$5102.18
322,Yehudit,Delle,ydelle8x@github.io,Male,27.112.231.172,Volkswagen,Golf III,1995,$7434.76
323,Fabe,Coltart,fcoltart8y@sphinn.com,Male,204.65.244.165,Mazda,RX-7,1985,$6346.79
324,Juline,Reihill,jreihill8z@diigo.com,Female,20.199.222.172,Lexus,SC,2004,$1612.28
325,Dalton,Kingscott,dkingscott90@delicious.com,Male,167.195.121.206,Aston Martin,V8 Vantage,2010,$3092.64
326,Blair,O'Fogarty,bofogarty91@wix.com,Male,154.126.162.162,Bentley,Continental Super,2012,$7694.35
327,Esmeralda,Duffield,eduffield92@last.fm,Female,7.85.173.194,Mitsubishi,Montero Sport,2004,$3659.48
328,Madelyn,Bysshe,mbysshe93@usatoday.com,Female,223.74.138.59,Chevrolet,Lumina,1994,$9996.20
329,Doe,Habershaw,dhabershaw94@cafepress.com,Female,116.243.58.209,Oldsmobile,Alero,2004,$6741.60
330,Shirlee,Donegan,sdonegan95@howstuffworks.com,Female,15.56.154.197,Hyundai,Azera,2010,$2642.85
331,Kat,Canepe,kcanepe96@nature.com,Female,148.19.166.64,Mitsubishi,Mighty Max,1992,$9259.49
332,Gavin,Ridolfi,gridolfi97@forbes.com,Male,135.89.112.213,Ford,Econoline E250,1997,$57.71
333,Pincas,Scarsbrick,pscarsbrick98@diigo.com,Male,124.171.80.182,Maserati,228,1989,$5605.10
334,Casper,Clinch,cclinch99@edublogs.org,Male,124.71.154.247,Mazda,CX-9,2007,$3184.46
335,Annabal,Grumble,agrumble9a@psu.edu,Female,82.191.222.251,Lincoln,MKZ,2010,$4785.90
336,Sinclair,Gandley,sgandley9b@ucoz.ru,Male,219.190.198.211,Mazda,Protege5,2002,$9103.09
337,Hyacinthie,Verner,hverner9c@elpais.com,Female,218.45.92.197,Dodge,Caravan,1985,$1571.20
338,Claresta,Laboune,claboune9d@yellowpages.com,Female,77.132.127.135,Saab,9-3,2001,$1126.40
339,Henryetta,Babar,hbabar9e@washington.edu,Female,197.32.83.219,Mercedes-Benz,E-Class,2001,$7919.29
340,Willis,Whimper,wwhimper9f@themeforest.net,Male,49.47.77.75,Dodge,Dakota,2007,$9306.68
341,Peyter,Orford,porford9g@mediafire.com,Male,61.245.147.18,Ford,Econoline E150,1998,$8127.53
342,Myca,Cripps,mcripps9h@nhs.uk,Male,236.79.242.213,Plymouth,Prowler,2000,$1388.21
343,Cathlene,Filipovic,cfilipovic9i@dion.ne.jp,Female,176.206.211.24,Mitsubishi,Cordia,1988,$4082.18
344,Lina,Halston,lhalston9j@delicious.com,Female,68.14.30.132,Honda,del Sol,1993,$7782.08
345,Brendan,Arlett,barlett9k@instagram.com,Male,32.187.99.5,Toyota,Tacoma,1998,$1528.65
346,Melly,Murfill,mmurfill9l@facebook.com,Female,195.112.81.67,GMC,Sierra 1500,2002,$9805.79
347,Moise,Cassie,mcassie9m@home.pl,Male,57.241.252.146,Nissan,Versa,2012,$6885.03
348,Jayson,Casina,jcasina9n@com.com,Male,29.37.189.168,Pontiac,Grand Prix,2002,$9419.28
349,Rooney,Havik,rhavik9o@fda.gov,Male,143.240.77.47,Mercury,Grand Marquis,2002,$1469.48
350,Erica,Minihan,eminihan9p@fastcompany.com,Female,27.15.34.85,Land Rover,Defender,1995,$2009.27
351,Julina,Slany,jslany9q@about.me,Female,15.172.6.241,Dodge,Caravan,2006,$1013.84
352,Ky,Crispe,kcrispe9r@google.ru,Male,243.240.154.211,Infiniti,M,2010,$9723.04
353,Coralie,Roizn,croizn9s@wunderground.com,Female,12.255.168.221,Audi,Q5,2011,$8033.37
354,Idaline,McInnery,imcinnery9t@unblog.fr,Female,53.70.204.38,Kia,Sportage,1996,$9373.70
355,Lucias,Doughill,ldoughill9u@php.net,Male,9.57.112.245,Chevrolet,Blazer,2000,$3859.33
356,Randolph,Frape,rfrape9v@sitemeter.com,Male,160.137.71.111,Chevrolet,Corvette,1954,$5025.41
357,Grete,Lambertazzi,glambertazzi9w@deliciousdays.com,Female,142.133.180.195,Subaru,XT,1987,$7810.12
358,Yule,Knock,yknock9x@flavors.me,Male,105.129.244.19,Mitsubishi,Chariot,1986,$110.71
359,Griswold,Hearne,ghearne9y@flickr.com,Male,11.60.149.27,Lexus,ES,2011,$5639.18
360,Farica,De Anesy,fdeanesy9z@icq.com,Female,118.86.205.229,Chevrolet,S10 Blazer,1993,$9747.67
361,Brodie,Crosier,bcrosiera0@howstuffworks.com,Male,128.123.17.13,Mitsubishi,Montero,1997,$5190.06
362,Opaline,Charlwood,ocharlwooda1@unicef.org,Female,42.164.134.100,Dodge,Ram 3500 Club,1995,$8982.09
363,Maia,Benardet,mbenardeta2@com.com,Female,157.109.159.130,Ferrari,F430,2008,$784.60
364,Jarib,Organ,jorgana3@google.com.br,Male,53.71.153.109,Toyota,Highlander,2006,$1334.76
365,Drusi,Francklin,dfrancklina4@dagondesign.com,Female,93.129.20.7,BMW,Z4 M Roadster,2009,$6701.33
366,Wallis,Kilmurray,wkilmurraya5@theglobeandmail.com,Male,38.180.231.228,Chrysler,Crossfire Roadster,2006,$7402.50
367,Marshall,Butterly,mbutterlya6@lulu.com,Male,28.105.18.62,BMW,X3,2004,$6470.24
368,Serene,Dobbison,sdobbisona7@imageshack.us,Female,130.223.15.12,Mercedes-Benz,SL-Class,1998,$2864.06
369,Chester,Tigwell,ctigwella8@blogs.com,Male,110.159.163.72,Honda,Pilot,2004,$215.83
370,Tabor,Skures,tskuresa9@ca.gov,Male,77.96.191.191,Mitsubishi,Cordia,1986,$6385.43
371,Joseph,Deport,jdeportaa@virginia.edu,Male,197.177.51.116,Isuzu,Trooper,2002,$239.34
372,Becka,Gommes,bgommesab@yellowpages.com,Female,72.2.240.123,Ford,Bronco,1991,$5041.06
373,Livvyy,Harkin,lharkinac@trellian.com,Female,207.60.228.102,Mitsubishi,Galant,2001,$3759.06
374,Hermione,Ambrogioni,hambrogioniad@themeforest.net,Female,22.234.196.167,Buick,Regal,2002,$1337.15
375,Feliks,Bambery,fbamberyae@google.com.au,Male,128.162.76.46,Porsche,924,1988,$5133.97
376,Tami,Colcutt,tcolcuttaf@lycos.com,Female,56.214.109.97,Lexus,IS F,2009,$6688.60
377,Cassandry,Muslim,cmuslimag@4shared.com,Female,64.212.75.220,GMC,Canyon,2004,$4412.75
378,Noll,Mortimer,nmortimerah@thetimes.co.uk,Male,61.190.171.63,Ferrari,599 GTB Fiorano,2008,$6485.00
379,Tamra,McLise,tmcliseai@sun.com,Female,224.77.133.46,Mercedes-Benz,SL-Class,1992,$5658.63
380,Dimitry,Gately,dgatelyaj@bloomberg.com,Male,116.229.99.58,Dodge,Ram Van 2500,2001,$8923.56
381,Samuele,Lines,slinesak@sakura.ne.jp,Male,104.149.235.93,Mazda,B-Series Plus,1993,$3033.72
382,Alexine,Solesbury,asolesburyal@marriott.com,Female,44.117.136.246,Oldsmobile,Ciera,1993,$6961.33
383,Brinn,Brownsworth,bbrownswortham@privacy.gov.au,Female,184.33.90.41,Suzuki,XL7,2008,$2489.63
384,Ingaberg,Wondraschek,iwondraschekan@over-blog.com,Female,163.150.109.45,Lexus,SC,1992,$26.92
385,Brigid,McGenn,bmcgennao@baidu.com,Female,30.249.206.66,Buick,LeSabre,1997,$2530.85
386,Suzi,Lauder,slauderap@unicef.org,Female,173.101.219.246,Ford,Taurus,2001,$7464.91
387,Vin,Raffon,vraffonaq@chronoengine.com,Female,175.188.143.162,Mercury,Topaz,1991,$4810.89
388,Jorge,Dyer,jdyerar@myspace.com,Male,141.246.105.66,Lexus,LX,1996,$454.30
389,Lek,Krolman,lkrolmanas@smh.com.au,Male,81.236.58.193,Chevrolet,Sportvan G20,1993,$8842.67
390,Claudelle,Placidi,cplacidiat@mtv.com,Female,175.148.163.161,Isuzu,Trooper,1992,$1201.67
391,Janaye,Guyer,jguyerau@mozilla.org,Female,98.245.111.186,Dodge,Ram,2011,$8706.98
392,Jillie,Bruhke,jbruhkeav@whitehouse.gov,Female,147.214.30.83,Chevrolet,HHR Panel,2006,$7029.88
393,Heall,Handmore,hhandmoreaw@baidu.com,Male,30.1.165.119,Saab,9-3,2004,$9497.57
394,Rozella,Ciobotaru,rciobotaruax@over-blog.com,Female,20.202.24.25,Dodge,Dakota,1999,$1900.39
395,Janeczka,Stuttman,jstuttmanay@huffingtonpost.com,Female,125.179.1.194,Ford,Aspire,1994,$8996.62
396,Abner,Dies,adiesaz@icq.com,Male,85.109.132.119,Chevrolet,Suburban 2500,2002,$9393.13
397,Cherlyn,O'Riordan,coriordanb0@gravatar.com,Female,50.91.33.40,Ford,Expedition EL,2007,$651.26
398,Ambrosi,Nairne,anairneb1@mayoclinic.com,Male,69.141.4.228,Mazda,B-Series,1988,$3962.96
399,Cassandra,Pinner,cpinnerb2@trellian.com,Female,59.117.16.33,Porsche,Boxster,2001,$5123.02
400,Jan,Rainbird,jrainbirdb3@cnet.com,Female,147.175.140.65,GMC,2500 Club Coupe,1993,$9973.93
401,Judye,Leipelt,jleipeltb4@accuweather.com,Female,39.220.71.83,Maserati,Quattroporte,2006,$6139.12
402,Vaclav,Murfin,vmurfinb5@auda.org.au,Male,59.221.72.38,Chevrolet,Cobalt,2007,$759.07
403,Cris,McParlin,cmcparlinb6@google.es,Male,77.193.73.176,Mercury,Sable,2003,$6473.17
404,Andrus,Mahoney,amahoneyb7@craigslist.org,Male,1.141.16.33,Geo,Prizm,1993,$1859.90
405,Lorette,Teck,lteckb8@netlog.com,Female,191.6.132.173,Kia,Rio,2010,$7330.97
406,Bengt,Catlette,bcatletteb9@uol.com.br,Male,59.168.11.238,Hyundai,Elantra,1993,$6017.75
407,Jodie,Macklam,jmacklamba@indiatimes.com,Male,123.119.203.139,Audi,5000CS,1987,$3498.93
408,Virgil,Pool,vpoolbb@globo.com,Male,238.181.140.241,Audi,R8,2012,$9737.08
409,Benedicta,Plinck,bplinckbc@t.co,Female,107.95.163.75,BMW,5 Series,2008,$8181.54
410,Davon,Elden,deldenbd@narod.ru,Male,188.60.254.19,Dodge,Stealth,1994,$5029.84
411,Corny,Headings,cheadingsbe@netvibes.com,Male,14.174.49.147,Land Rover,Range Rover,2001,$6618.38
412,Brien,Jorat,bjoratbf@jimdo.com,Male,23.122.188.31,Buick,LeSabre,2001,$2696.74
413,Baudoin,Hughs,bhughsbg@ft.com,Male,18.53.204.214,Subaru,Outback,2009,$1699.31
414,Charlot,Grimmett,cgrimmettbh@google.de,Female,42.137.106.234,Ford,E-Series,1963,$7465.43
415,Ephrayim,Labroue,elabrouebi@sogou.com,Male,83.84.121.225,Mitsubishi,Pajero,1986,$2119.40
416,Berkeley,Orhtmann,borhtmannbj@squidoo.com,Male,123.149.146.24,Ford,F250,1996,$5713.42
417,Karel,Lennarde,klennardebk@cnet.com,Female,234.80.87.249,Toyota,Land Cruiser,1999,$6365.91
418,Kelila,Repp,kreppbl@fc2.com,Female,165.8.147.78,Cadillac,SRX,2009,$8817.29
419,Byrann,Giacobilio,bgiacobiliobm@whitehouse.gov,Male,50.40.151.32,GMC,Envoy XL,2005,$9795.43
420,Fabe,Chesterfield,fchesterfieldbn@devhub.com,Male,61.84.204.226,Ford,Bronco,1987,$7059.10
421,Mahmud,Dobbyn,mdobbynbo@virginia.edu,Male,112.191.137.242,GMC,Rally Wagon 3500,1994,$2474.20
422,Farr,Farrer,ffarrerbp@utexas.edu,Male,82.97.172.237,Volvo,V70,2007,$787.68
423,Zena,Wilson,zwilsonbq@shareasale.com,Female,197.68.138.76,Volkswagen,Passat,1988,$3029.61
424,Frasier,Helin,fhelinbr@upenn.edu,Male,54.239.16.231,Pontiac,G6,2010,$6842.72
425,Coriss,Brownill,cbrownillbs@cbc.ca,Female,254.19.243.50,Mitsubishi,Truck,1993,$8992.87
426,Meg,Harkins,mharkinsbt@craigslist.org,Female,185.5.217.28,Ford,Tempo,1991,$7679.28
427,Sanders,Dugan,sduganbu@amazon.co.uk,Male,242.102.2.12,GMC,Sierra,2012,$2459.40
428,Averil,Tringham,atringhambv@constantcontact.com,Male,130.67.95.29,Volkswagen,Passat,1996,$1597.84
429,Reinaldos,Ricardet,rricardetbw@posterous.com,Male,113.217.65.19,Lamborghini,Diablo,1998,$3775.13
430,Avigdor,Wipper,awipperbx@va.gov,Male,98.155.27.205,Toyota,RAV4,2008,$8185.19
431,Quillan,Kobes,qkobesby@bing.com,Male,172.235.6.180,Mazda,626,2001,$5042.31
432,Eberto,Woodroof,ewoodroofbz@state.gov,Male,88.69.127.0,Mercedes-Benz,M-Class,2005,$1360.04
433,Tymon,Sedgwick,tsedgwickc0@loc.gov,Male,241.32.207.106,Hummer,H1,1994,$7612.32
434,Gabriellia,Brendish,gbrendishc1@tumblr.com,Female,72.33.127.201,Chrysler,Town & Country,1998,$6829.07
435,Wynne,Nellen,wnellenc2@de.vu,Female,105.170.74.202,Chrysler,PT Cruiser,2007,$7272.91
436,Cornela,Bakeup,cbakeupc3@sphinn.com,Female,165.75.92.78,Infiniti,QX,1997,$9624.34
437,Carver,Petru,cpetruc4@guardian.co.uk,Male,213.40.194.135,Saturn,L-Series,2001,$4368.61
438,Cathrin,Madge,cmadgec5@latimes.com,Female,96.161.196.105,Mercedes-Benz,CLS-Class,2012,$1845.58
439,Silvanus,Ivins,sivinsc6@chron.com,Male,74.97.18.167,Mazda,B2600,1987,$3515.48
440,Kristopher,Passo,kpassoc7@seesaa.net,Male,155.240.175.86,MINI,Cooper Clubman,2012,$7067.27
441,Percival,Newcome,pnewcomec8@topsy.com,Male,250.63.183.45,GMC,Savana 3500,2012,$2604.64
442,Yorgo,Wandrack,ywandrackc9@dropbox.com,Male,200.120.214.115,Chevrolet,Silverado 3500,2007,$4462.93
443,Elyssa,Fadian,efadianca@ted.com,Female,246.13.103.49,Mercedes-Benz,SL-Class,1998,$254.62
444,Seline,Vowdon,svowdoncb@twitter.com,Female,148.66.37.70,Acura,RL,2007,$3504.49
445,Kori,Selbie,kselbiecc@guardian.co.uk,Female,119.246.204.131,Mazda,MX-5,2009,$589.63
446,Barnebas,Valentetti,bvalentetticd@cbsnews.com,Male,10.67.170.157,GMC,1500 Club Coupe,1995,$9476.25
447,Jillane,Lattimore,jlattimorece@cnbc.com,Female,182.200.71.138,Mazda,626,1985,$3310.03
448,Reuben,Langlais,rlanglaiscf@seattletimes.com,Male,55.27.220.15,Nissan,Cube,2012,$3212.95
449,Rubetta,Almak,ralmakcg@umich.edu,Female,210.64.15.88,Toyota,Camry,2009,$5860.61
450,Janka,Mickan,jmickanch@nationalgeographic.com,Female,130.94.64.15,Toyota,Echo,2004,$345.91
451,Garner,Cogan,gcoganci@pcworld.com,Male,87.156.254.28,Porsche,944,1986,$4280.44
452,Olympia,Mulrean,omulreancj@is.gd,Female,69.60.230.170,Aptera,2e,2009,$5704.58
453,Murdoch,Gleave,mgleaveck@sourceforge.net,Male,118.134.162.68,Nissan,370Z,2009,$7054.17
454,Claudius,Jackways,cjackwayscl@huffingtonpost.com,Male,126.105.133.68,Mitsubishi,Galant,2000,$3891.46
455,Roberta,Greenstock,rgreenstockcm@liveinternet.ru,Female,49.38.31.155,Acura,RDX,2008,$4101.73
456,Sisely,Camp,scampcn@about.me,Female,86.47.105.248,Chevrolet,1500,1992,$1156.27
457,Ernest,Coaster,ecoasterco@huffingtonpost.com,Male,221.5.181.244,Pontiac,Sunfire,2001,$2457.73
458,Myrvyn,Pendergast,mpendergastcp@dot.gov,Male,112.90.6.226,Subaru,Forester,2004,$9746.64
459,Jere,Jent,jjentcq@intel.com,Female,112.99.105.82,Lotus,Elan,1993,$827.07
460,Marchall,Ollier,molliercr@bizjournals.com,Male,134.71.187.109,Buick,Coachbuilder,1990,$8731.18
461,Beau,Hardiker,bhardikercs@bandcamp.com,Male,244.97.118.63,Oldsmobile,88,1999,$8201.37
462,Kimberly,Eckhard,keckhardct@google.com,Female,56.35.24.129,Chevrolet,Aveo,2007,$471.54
463,Heidi,Caldera,hcalderacu@canalblog.com,Female,43.217.196.92,Buick,Roadmaster,1991,$87.79
464,Alain,Morphey,amorpheycv@example.com,Male,221.157.23.213,Land Rover,Freelander,2009,$55.46
465,Tierney,Castello,tcastellocw@gmpg.org,Female,213.56.30.29,Mazda,929,1992,$2266.11
466,Theodore,Hadny,thadnycx@wufoo.com,Male,172.169.123.186,Land Rover,Range Rover,2003,$3753.37
467,Grace,Tremellier,gtremelliercy@nature.com,Female,59.55.135.127,Toyota,Tacoma,2009,$1915.73
468,Jaimie,Parkey,jparkeycz@scientificamerican.com,Female,239.22.150.143,Mazda,Tribute,2002,$2417.81
469,Tildie,Piatkowski,tpiatkowskid0@economist.com,Female,252.119.2.147,Mazda,Mazda6 5-Door,2006,$3343.27
470,Jessee,Morfell,jmorfelld1@hexun.com,Male,160.30.204.187,Mazda,Familia,1986,$4039.60
471,Neville,Steptowe,nsteptowed2@tiny.cc,Male,39.17.148.91,Ford,E-Series,2004,$9930.97
472,Sarge,Cressar,scressard3@ebay.co.uk,Male,236.38.105.255,Ford,C-MAX Hybrid,2013,$1881.72
473,Dorree,Gheorghie,dgheorghied4@domainmarket.com,Female,97.185.58.227,BMW,3 Series,2005,$6090.85
474,Jdavie,Isack,jisackd5@mlb.com,Male,251.45.233.182,Toyota,Sienna,2000,$1653.14
475,Hodge,Tomasik,htomasikd6@booking.com,Male,19.66.224.133,Audi,Coupe Quattro,1991,$7431.96
476,Amalia,Swepson,aswepsond7@goo.gl,Female,169.159.131.228,Buick,Coachbuilder,1990,$1187.65
477,Nealon,Tayspell,ntayspelld8@discuz.net,Male,128.225.237.188,Honda,Prelude,1994,$3864.26
478,Remington,Hamblen,rhamblend9@booking.com,Male,196.21.2.65,Mitsubishi,Lancer,2009,$9772.33
479,Peyter,Budgett,pbudgettda@dedecms.com,Male,19.111.240.29,Hyundai,Veracruz,2009,$7592.85
480,Isabeau,Waterhous,iwaterhousdb@yellowbook.com,Female,6.250.70.185,Pontiac,Bonneville,1998,$4017.51
481,Britta,Stoeck,bstoeckdc@imdb.com,Female,220.87.87.223,Mitsubishi,Eclipse,2003,$8581.55
482,Derk,Fish,dfishdd@vkontakte.ru,Male,91.147.84.16,Honda,Ridgeline,2007,$5389.83
483,Augustine,Pringuer,apringuerde@hud.gov,Female,104.181.24.62,Hummer,H2,2005,$8859.55
484,Coleman,Betjeman,cbetjemandf@typepad.com,Male,131.91.216.107,Honda,CR-V,2000,$4726.12
485,Rosabella,Costa,rcostadg@gnu.org,Female,29.99.88.190,GMC,Vandura G1500,1995,$8374.03
486,Itch,Dooher,idooherdh@lulu.com,Male,64.100.178.247,Jeep,Wrangler,1998,$2744.21
487,Addie,Verrier,averrierdi@google.com,Female,182.29.51.220,Mitsubishi,Starion,1988,$2196.48
488,Willyt,Troman,wtromandj@patch.com,Female,60.41.250.125,GMC,Sierra 1500,2012,$4009.72
489,Silvia,Petrol,spetroldk@ucla.edu,Female,63.225.253.67,Buick,LaCrosse,2010,$8830.69
490,Gerik,Vigurs,gvigursdl@pinterest.com,Male,52.158.179.186,Nissan,370Z,2009,$6391.88
491,Galina,Osipenko,gosipenkodm@hc360.com,Female,197.243.223.205,Ford,Escape,2009,$2601.90
492,Andy,Barabich,abarabichdn@twitpic.com,Male,235.132.165.195,Chevrolet,TrailBlazer,2002,$2339.89
493,Gregg,Renhard,grenharddo@tamu.edu,Male,209.69.153.37,Ford,Laser,1987,$4240.50
494,Ab,Goodday,agooddaydp@tmall.com,Male,224.170.102.86,Cadillac,Escalade,2003,$8628.24
495,Herbie,Hilary,hhilarydq@topsy.com,Male,212.113.153.251,Toyota,Prius,2009,$7539.51
496,Oneida,Bosch,oboschdr@harvard.edu,Female,255.120.220.221,Volvo,V90,1998,$4786.57
497,Galvan,Dingsdale,gdingsdaleds@dell.com,Male,91.74.230.150,Mercedes-Benz,300E,1992,$1554.74
498,Karney,Ivanitsa,kivanitsadt@va.gov,Male,135.62.135.173,Buick,Century,2002,$2816.91
499,Joan,Sudddard,jsudddarddu@epa.gov,Female,94.158.77.192,Lamborghini,Diablo,2001,$9245.53
500,Martguerita,Cannavan,mcannavandv@cnn.com,Female,190.134.167.84,Nissan,Versa,2007,$5673.77
501,Alonzo,Sparsholt,asparsholtdw@g.co,Male,57.198.80.144,Toyota,Sienna,2005,$140.86
502,Kareem,Pulman,kpulmandx@vinaora.com,Male,247.116.175.149,Buick,Regal,2003,$3573.18
503,Arlette,Biers,abiersdy@canalblog.com,Female,235.67.218.13,BMW,3 Series,2005,$4364.67
504,Emyle,Flew,eflewdz@etsy.com,Female,221.227.14.125,Saab,9-5,2001,$3663.75
505,Betsey,Duffet,bduffete0@typepad.com,Female,236.71.137.156,Pontiac,G8,2008,$2267.71
506,Rozalin,Bourgeois,rbourgeoise1@ehow.com,Female,193.237.100.70,Subaru,Legacy,1995,$5058.88
507,Neron,Hebard,nhebarde2@usatoday.com,Male,195.152.111.198,Ram,Dakota,2011,$3979.28
508,Janith,Fathers,jfatherse3@mit.edu,Female,251.13.130.180,Rolls-Royce,Phantom,2007,$6870.15
509,Yehudi,Dudgeon,ydudgeone4@abc.net.au,Male,99.221.89.172,GMC,Savana 2500,2002,$1067.33
510,Thatch,Arondel,tarondele5@wiley.com,Male,248.135.119.138,Audi,RS 6,2003,$2552.57
511,Gerik,Oldershaw,goldershawe6@sogou.com,Male,13.22.72.125,Porsche,911,2013,$1865.51
512,Nil,Such,nsuche7@google.es,Male,197.32.31.92,Chrysler,300C,2005,$3967.83
513,Marina,Learmount,mlearmounte8@wp.com,Female,240.207.253.172,Dodge,Caravan,2001,$3575.06
514,Timi,Blew,tblewe9@un.org,Female,6.192.219.89,Mazda,B-Series Plus,1999,$2345.98
515,Malcolm,Silveston,msilvestonea@apple.com,Male,32.92.168.79,GMC,1500 Club Coupe,1992,$8483.17
516,Giralda,McGeady,gmcgeadyeb@thetimes.co.uk,Female,1.158.164.255,Chevrolet,Silverado 3500,2009,$9264.59
517,Helen-elizabeth,Doggart,hdoggartec@baidu.com,Female,211.108.130.33,GMC,Sierra 3500,2005,$4307.23
518,Lira,Ricardot,lricardoted@state.gov,Female,58.107.26.223,Chevrolet,G-Series G30,1996,$2997.49
519,Karoline,Seward,ksewardee@is.gd,Female,34.165.20.255,Audi,4000s Quattro,1986,$3487.31
520,Nisse,Hawker,nhawkeref@va.gov,Female,168.84.255.43,Volkswagen,GTI,2001,$9593.03
521,Magdaia,Hubbold,mhubboldeg@etsy.com,Female,172.197.147.165,Buick,Rainier,2005,$1604.05
522,Alvera,Ody,aodyeh@sakura.ne.jp,Female,33.86.204.207,Chevrolet,Prizm,2000,$8401.86
523,Nikki,Heijnen,nheijnenei@blinklist.com,Male,171.244.67.136,Audi,S4,2005,$7732.20
524,Arabelle,Dabels,adabelsej@theatlantic.com,Female,16.23.135.64,Toyota,Avalon,2003,$6631.54
525,Pancho,Dunston,pdunstonek@tripod.com,Male,140.177.149.100,GMC,Vandura 1500,1994,$4922.38
526,Baxie,Vernalls,bvernallsel@merriam-webster.com,Male,17.33.78.163,Nissan,300ZX,1996,$389.90
527,Urbain,Raithbie,uraithbieem@deliciousdays.com,Male,200.115.3.199,Kia,Spectra5,2006,$4469.05
528,Zackariah,Duigenan,zduigenanen@ox.ac.uk,Male,105.98.218.19,Nissan,JUKE,2011,$4469.16
529,Lindsey,Greeson,lgreesoneo@redcross.org,Male,179.96.56.114,Ford,Freestar,2006,$5227.86
530,Carlie,Oldcroft,coldcroftep@taobao.com,Female,79.48.232.221,Chevrolet,Cobalt,2008,$5079.60
531,Gabriele,Dominy,gdominyeq@wordpress.com,Male,30.20.52.163,Nissan,Maxima,2011,$3880.40
532,Lethia,Dansie,ldansieer@google.de,Female,58.216.19.84,Chevrolet,Suburban,2007,$8058.73
533,Byrann,Jovasevic,bjovasevices@technorati.com,Male,140.23.20.141,Ford,F150,2011,$459.71
534,Koren,Carlson,kcarlsonet@amazon.com,Female,44.107.173.172,Buick,Reatta,1988,$436.39
535,Elnore,Janousek,ejanousekeu@desdev.cn,Female,249.153.23.19,Mitsubishi,Galant,1997,$6554.29
536,Othelia,Liverock,oliverockev@drupal.org,Female,61.61.221.148,Cadillac,CTS-V,2009,$5952.02
537,Evan,Riccioppo,ericcioppoew@tmall.com,Male,33.216.56.145,Chevrolet,Express 1500,2006,$4042.42
538,Marin,Carragher,mcarragherex@hexun.com,Female,104.119.230.110,Ford,F250,2002,$8627.01
539,Clarabelle,Tejada,ctejadaey@bravesites.com,Female,136.235.211.165,Lincoln,MKT,2012,$8896.73
540,Bernadette,Dearsley,bdearsleyez@skyrock.com,Female,41.247.239.46,Audi,Quattro,1993,$712.15
541,Kalinda,Goundrill,kgoundrillf0@reference.com,Female,45.163.66.176,Chevrolet,Malibu,2012,$1857.19
542,Job,Charlson,jcharlsonf1@cisco.com,Male,239.35.206.56,Lotus,Elan,1993,$6505.96
543,Mariette,Fewkes,mfewkesf2@opensource.org,Female,237.42.219.192,Volvo,960,1993,$9075.16
544,Jase,Drew,jdrewf3@delicious.com,Male,83.11.223.92,Daewoo,Nubira,2000,$7046.27
545,Petunia,Gostridge,pgostridgef4@jigsy.com,Female,177.31.189.33,Kia,Sorento,2008,$3311.15
546,Thia,Pachta,tpachtaf5@webnode.com,Female,126.230.128.121,GMC,Safari,1997,$2612.77
547,Marje,Karran,mkarranf6@boston.com,Female,212.204.119.154,Cadillac,DeVille,1998,$3789.20
548,Pierrette,Pyrton,ppyrtonf7@noaa.gov,Female,135.207.73.20,Chevrolet,Suburban 1500,2006,$177.70
549,Casi,Hairsnape,chairsnapef8@hugedomains.com,Female,55.46.199.5,Eagle,Talon,1997,$9643.91
550,Dunn,Josum,djosumf9@bigcartel.com,Male,18.242.22.231,Mitsubishi,Challenger,1999,$6998.61
551,Grant,Pender,gpenderfa@php.net,Male,125.143.103.76,Toyota,Venza,2011,$8940.18
552,Minda,Brum,mbrumfb@delicious.com,Female,115.176.69.166,GMC,Canyon,2007,$6982.55
553,Kerwinn,Zecchinii,kzecchiniifc@shareasale.com,Male,155.53.166.149,Toyota,Paseo,1996,$299.31
554,Abby,Corrington,acorringtonfd@posterous.com,Male,94.190.33.225,Nissan,Sentra,2004,$7150.14
555,Corinna,Bradbeer,cbradbeerfe@moonfruit.com,Female,181.144.54.17,Austin,Mini,1963,$605.97
556,Alwin,Eccersley,aeccersleyff@indiegogo.com,Male,36.64.176.201,Dodge,Ram 2500,2003,$9386.31
557,Jerrine,Yurasov,jyurasovfg@nih.gov,Female,242.53.38.241,Nissan,200SX,1996,$2399.55
558,Cory,Sorsby,csorsbyfh@so-net.ne.jp,Female,193.192.231.15,Mercedes-Benz,SLK55 AMG,2009,$2149.20
559,Charmion,Andreuzzi,candreuzzifi@tinyurl.com,Female,135.218.226.171,Audi,S5,2012,$4920.92
560,Lorne,Petchey,lpetcheyfj@vk.com,Male,10.228.126.72,Toyota,T100,1994,$4710.73
561,Janelle,Fishly,jfishlyfk@princeton.edu,Female,111.24.229.181,GMC,Envoy,2004,$1166.30
562,Ferguson,Cash,fcashfl@cyberchimps.com,Male,254.122.30.164,Honda,Accord,2009,$7642.15
563,Kirk,Balke,kbalkefm@noaa.gov,Male,147.23.90.139,GMC,Yukon XL 2500,2008,$7464.12
564,Claudetta,Dyson,cdysonfn@goo.ne.jp,Female,29.218.68.92,Mercedes-Benz,CLS-Class,2012,$3330.35
565,Tessi,Kershaw,tkershawfo@amazon.co.jp,Female,38.251.198.79,Suzuki,Grand Vitara,2001,$8570.69
566,Druci,Durrad,ddurradfp@comcast.net,Female,32.100.166.53,Kia,Sportage,2000,$677.95
567,Adrienne,Smeeth,asmeethfq@dailymail.co.uk,Female,158.120.247.55,Nissan,Versa,2008,$1276.31
568,Mercedes,McComish,mmccomishfr@comsenz.com,Female,192.75.154.66,Scion,xB,2004,$4686.73
569,Abbott,Kleinmann,akleinmannfs@a8.net,Male,75.3.195.217,Kia,Optima,2009,$3064.17
570,Patsy,Gorhardt,pgorhardtft@washingtonpost.com,Male,237.167.105.232,Chevrolet,Corvette,1992,$4492.56
571,Toddie,Lamborne,tlambornefu@toplist.cz,Male,80.102.176.57,Porsche,928,1991,$2913.25
572,Barth,Gidman,bgidmanfv@europa.eu,Male,53.171.209.248,Plymouth,Breeze,1997,$9933.14
573,Layla,Palser,lpalserfw@creativecommons.org,Female,33.23.69.26,Maserati,Quattroporte,2012,$1959.44
574,Robena,Pencott,rpencottfx@prlog.org,Female,73.8.77.7,Nissan,Cube,2009,$2224.87
575,Sigmund,Dyerson,sdyersonfy@vk.com,Male,48.214.209.104,Toyota,Yaris,2009,$8586.34
576,Ky,Jerok,kjerokfz@twitpic.com,Male,133.156.10.68,GMC,Safari,1997,$576.07
577,Galven,Kenny,gkennyg0@netvibes.com,Male,82.54.239.110,Chevrolet,Avalanche 2500,2004,$8939.25
578,Donovan,Andras,dandrasg1@businesswire.com,Male,140.110.95.153,Lexus,LX,2005,$2594.13
579,Ev,Crabtree,ecrabtreeg2@cisco.com,Male,168.252.152.17,Chevrolet,G-Series 1500,1997,$5067.83
580,Launce,Schall,lschallg3@toplist.cz,Male,228.213.219.135,Chevrolet,Classic,2005,$5339.31
581,Rheta,Larby,rlarbyg4@oaic.gov.au,Female,209.101.158.28,Lexus,LX,2001,$7248.84
582,Sasha,Osband,sosbandg5@arstechnica.com,Male,21.79.33.173,Dodge,Caliber,2008,$427.67
583,Sollie,Walder,swalderg6@nih.gov,Male,195.51.183.194,Buick,Century,1986,$7807.89
584,Ulla,Lilleycrop,ulilleycropg7@hubpages.com,Female,105.179.225.60,Volkswagen,Touareg,2009,$6144.45
585,Marijn,Rulten,mrulteng8@noaa.gov,Male,191.229.129.181,Maserati,Quattroporte,1986,$7371.93
586,Marlowe,Carrick,mcarrickg9@washingtonpost.com,Male,46.104.54.92,Lexus,GS,2013,$5812.50
587,Elene,Benettolo,ebenettologa@vk.com,Female,60.231.160.255,Ford,E-Series,1989,$9473.76
588,Anthe,Whotton,awhottongb@cbslocal.com,Female,217.155.87.183,Audi,200,1990,$6241.70
589,Muriel,Wennington,mwenningtongc@photobucket.com,Female,153.31.15.55,Toyota,Land Cruiser,2003,$6363.63
590,Mordy,Medgewick,mmedgewickgd@baidu.com,Male,165.193.138.108,Acura,MDX,2011,$9318.63
591,Ruthann,Butlin,rbutlinge@topsy.com,Female,122.179.158.227,Lexus,RX,2004,$3805.60
592,Petunia,Pink,ppinkgf@timesonline.co.uk,Female,100.220.107.212,Mercedes-Benz,S-Class,1991,$1836.69
593,Horatio,Whiley,hwhileygg@ft.com,Male,110.111.77.221,Subaru,Tribeca,2012,$5092.75
594,Stacee,Rathke,srathkegh@diigo.com,Male,114.253.45.71,Mazda,B2000,1985,$7174.75
595,Carlos,Pedican,cpedicangi@samsung.com,Male,14.10.225.88,Land Rover,Range Rover,2004,$5883.22
596,Janenna,Scarf,jscarfgj@ft.com,Female,22.182.2.119,Mercedes-Benz,G-Class,2005,$3383.02
597,Bryce,Wrist,bwristgk@zimbio.com,Male,221.80.35.20,Kia,Optima,2001,$189.58
598,Lorilee,Raimbauld,lraimbauldgl@mozilla.org,Female,176.170.160.153,Hummer,H3,2008,$8092.22
599,Rickard,Leijs,rleijsgm@nbcnews.com,Male,144.250.199.201,Mazda,MPV,2000,$3809.60
600,Burch,Bodleigh,bbodleighgn@plala.or.jp,Male,33.45.113.36,Mitsubishi,Montero,1997,$5331.08
601,Emanuele,Ryland,erylandgo@about.me,Male,182.223.160.20,Ford,Thunderbird,2005,$3601.23
602,Dalston,Haythorn,dhaythorngp@msn.com,Male,147.227.5.58,Honda,Odyssey,2001,$7918.46
603,Shirline,Fudger,sfudgergq@bbc.co.uk,Female,208.58.32.79,Lincoln,Town Car,2004,$3462.91
604,Genny,Collier,gcolliergr@chicagotribune.com,Female,117.211.240.98,Volkswagen,Fox,1989,$816.63
605,Farica,Paradine,fparadinegs@redcross.org,Female,65.169.17.222,Chevrolet,Colorado,2008,$920.13
606,Lindsay,Jikylls,ljikyllsgt@dagondesign.com,Female,26.37.181.30,Mitsubishi,Galant,2007,$4564.11
607,Lyda,Bulstrode,lbulstrodegu@youtube.com,Female,172.65.57.119,Nissan,Sentra,2005,$2845.88
608,Juliane,Abrahart,jabrahartgv@merriam-webster.com,Female,39.84.191.173,Pontiac,Sunbird,1984,$5503.21
609,Arleyne,Woodlands,awoodlandsgw@qq.com,Female,139.191.126.100,Suzuki,Swift,1996,$9105.41
610,Amber,Kleisle,akleislegx@scientificamerican.com,Female,58.237.68.24,Volvo,XC90,2006,$5328.37
611,Loren,Rangeley,lrangeleygy@angelfire.com,Male,159.6.22.42,Mercedes-Benz,S-Class,2012,$5455.11
612,Lucinda,Papes,lpapesgz@ameblo.jp,Female,83.72.14.28,GMC,Sierra 1500,2001,$6990.63
613,Marion,Bittleson,mbittlesonh0@redcross.org,Male,234.89.36.1,Dodge,Ram 2500,2000,$3226.06
614,Federico,MacGaffey,fmacgaffeyh1@digg.com,Male,104.192.218.58,GMC,Sierra 1500,2003,$4390.19
615,Karalee,Ishchenko,kishchenkoh2@ucoz.com,Female,220.203.119.253,Hummer,H2,2003,$3347.06
616,Maurita,MacKenny,mmackennyh3@arstechnica.com,Female,145.102.240.20,Chevrolet,Impala,2012,$992.19
617,Marci,Ainscow,mainscowh4@usda.gov,Female,145.153.6.18,GMC,Sierra 1500,1999,$24.43
618,Kalvin,Leon,kleonh5@who.int,Male,66.37.58.141,Toyota,Tacoma,2003,$6043.52
619,Kev,Botright,kbotrighth6@gravatar.com,Male,165.249.230.4,Volkswagen,Jetta,1995,$7671.38
620,Hieronymus,Andrieux,handrieuxh7@alexa.com,Male,222.6.212.213,Hyundai,Elantra,1998,$2192.87
621,Valentine,McLaughlan,vmclaughlanh8@spiegel.de,Male,222.227.194.228,Chevrolet,G-Series G20,1995,$3790.43
622,Fraze,O'Hegertie,fohegertieh9@sohu.com,Male,150.47.58.95,Toyota,Prius,2002,$5734.95
623,Alexi,Jentle,ajentleha@google.ru,Female,100.221.88.191,Mercury,Mariner,2008,$3871.40
624,Tammy,Stansbury,tstansburyhb@youtube.com,Male,30.43.220.102,Pontiac,Grand Prix,1993,$8867.84
625,Waldo,Damiata,wdamiatahc@feedburner.com,Male,60.37.188.114,Oldsmobile,Achieva,1996,$1347.22
626,Gaby,Isitt,gisitthd@clickbank.net,Female,181.10.164.188,Lincoln,Navigator L,2008,$1016.52
627,Joly,Elsworth,jelsworthhe@desdev.cn,Female,214.147.109.162,Honda,CR-V,2012,$8083.30
628,Wynn,Gimlet,wgimlethf@blogtalkradio.com,Female,71.24.30.242,Toyota,Celica,1993,$708.59
629,Ophelia,Hebner,ohebnerhg@umn.edu,Female,147.219.60.130,Aston Martin,DB9,2006,$485.32
630,John,Spiteri,jspiterihh@state.gov,Male,211.175.135.94,Toyota,Highlander Hybrid,2007,$3295.48
631,Tess,Hickeringill,thickeringillhi@statcounter.com,Female,123.233.139.54,Ford,F-Series,2002,$2706.36
632,Josepha,Tumasian,jtumasianhj@360.cn,Female,196.195.129.221,Mercedes-Benz,Sprinter 3500,2011,$7563.35
633,Hyacintha,Custard,hcustardhk@japanpost.jp,Female,45.14.186.114,Mercedes-Benz,CL-Class,2005,$9397.48
634,Erhart,Nisius,enisiushl@seesaa.net,Male,33.117.112.251,Honda,Fit,2008,$1925.49
635,Giusto,Ostick,gostickhm@sciencedirect.com,Male,122.225.154.48,Land Rover,Range Rover Evoque,2012,$2453.52
636,Norbie,Olander,nolanderhn@dyndns.org,Male,106.35.198.203,Mercury,Cougar,1999,$3642.10
637,Burk,McKitterick,bmckitterickho@foxnews.com,Male,98.140.94.145,GMC,Yukon,2009,$8146.12
638,Porter,Thamelt,pthamelthp@mediafire.com,Male,187.129.194.38,Kia,Spectra,2002,$6430.13
639,Freddy,Sever,fseverhq@nature.com,Female,228.184.245.38,Jeep,Liberty,2002,$2336.82
640,Carleen,De Clairmont,cdeclairmonthr@desdev.cn,Female,27.207.143.29,Volkswagen,New Beetle,2002,$7647.14
641,Jeanine,Loughman,jloughmanhs@twitter.com,Female,1.165.108.5,BMW,6 Series,2005,$7567.89
642,Robby,Pinney,rpinneyht@livejournal.com,Female,178.69.227.35,Austin,Mini Cooper,1964,$9614.56
643,Charita,Warbeys,cwarbeyshu@dyndns.org,Female,122.127.185.38,Toyota,Land Cruiser,2003,$2048.74
644,Alano,Kempstone,akempstonehv@bbb.org,Male,38.44.218.51,Jaguar,XJ Series,2000,$783.86
645,Corny,Absolem,cabsolemhw@dailymail.co.uk,Male,19.226.157.112,Chevrolet,Prizm,2001,$5917.06
646,Washington,Stuttman,wstuttmanhx@hp.com,Male,176.182.128.158,Mazda,Protege,1996,$1855.04
647,Hasty,Rosborough,hrosboroughhy@scientificamerican.com,Male,61.209.220.216,Ferrari,458 Italia,2012,$6887.96
648,Foster,Crut,fcruthz@tmall.com,Male,129.89.103.2,Chevrolet,Camaro,1985,$9395.13
649,Nataline,Caskey,ncaskeyi0@geocities.jp,Female,230.175.190.37,Ford,Explorer Sport Trac,2008,$7932.19
650,Emory,Skipsey,eskipseyi1@canalblog.com,Male,222.44.135.96,Saab,9000,1997,$3444.17
651,Garald,Denkel,gdenkeli2@is.gd,Male,176.199.155.88,Mercedes-Benz,SL-Class,2003,$4469.77
652,Nevins,Horribine,nhorribinei3@pcworld.com,Male,156.129.2.162,Bentley,Continental GTC,2012,$5197.91
653,Mariana,Nystrom,mnystromi4@independent.co.uk,Female,126.244.105.188,Ford,Laser,1986,$5462.16
654,Evanne,Hestrop,ehestropi5@boston.com,Female,108.247.149.238,Suzuki,X-90,1996,$9360.24
655,Marcia,Hardson,mhardsoni6@istockphoto.com,Female,159.17.250.12,Lincoln,Navigator,2009,$2766.65
656,Yance,Watkins,ywatkinsi7@google.cn,Male,204.184.121.205,Chevrolet,Blazer,1992,$4714.34
657,Mirna,Pyburn,mpyburni8@cocolog-nifty.com,Female,109.32.234.112,Infiniti,QX,2003,$5694.42
658,Birk,Arstingall,barstingalli9@gravatar.com,Male,164.20.3.197,Mercury,Grand Marquis,1985,$6179.36
659,Donalt,Awcoate,dawcoateia@ow.ly,Male,16.100.83.26,GMC,Yukon XL 2500,2005,$4041.54
660,Micheline,Deeble,mdeebleib@wikipedia.org,Female,174.161.108.19,Hyundai,Elantra,1996,$6094.31
661,Sayers,Lautie,slautieic@answers.com,Male,119.181.41.162,Audi,S4,2013,$8399.91
662,Vance,Jorger,vjorgerid@indiatimes.com,Male,161.38.169.88,Lotus,Esprit,2002,$5784.25
663,Lombard,Elbourne,lelbourneie@jalbum.net,Male,93.21.18.16,Jaguar,X-Type,2005,$3930.80
664,Patten,Tommaseo,ptommaseoif@marketwatch.com,Male,199.5.96.21,Toyota,Camry,1998,$7124.79
665,Hailee,Crayton,hcraytonig@wix.com,Female,155.203.130.50,Mazda,RX-8,2008,$9031.25
666,Becka,Shurmer,bshurmerih@admin.ch,Female,168.121.131.186,Dodge,Caravan,1994,$2937.59
667,Cristiano,Lauchlan,clauchlanii@pen.io,Male,78.74.143.31,Toyota,Land Cruiser,2002,$183.80
668,Gideon,Maylor,gmaylorij@t-online.de,Male,145.108.219.135,Volvo,S70,1999,$1869.65
669,Othella,McIlenna,omcilennaik@hao123.com,Female,225.247.219.216,Ford,E150,2010,$1056.36
670,Marillin,Barends,mbarendsil@ted.com,Female,111.147.41.11,Suzuki,SJ 410,1986,$646.83
671,Lon,Battie,lbattieim@sohu.com,Male,205.74.62.36,Mazda,Familia,1988,$4871.77
672,Derrik,Starton,dstartonin@t-online.de,Male,113.191.37.68,Lexus,SC,2006,$8636.31
673,Consalve,Augustine,caugustineio@redcross.org,Male,130.45.190.90,Hyundai,Elantra,2004,$1976.45
674,Menard,Genty,mgentyip@npr.org,Male,13.233.177.133,Buick,Lucerne,2010,$8864.59
675,Brittani,Ropartz,bropartziq@networksolutions.com,Female,68.35.42.76,Lincoln,Town Car,2009,$306.74
676,Merrily,Mushrow,mmushrowir@ameblo.jp,Female,68.107.30.254,BMW,M3,2006,$8041.50
677,Gearalt,Spyvye,gspyvyeis@walmart.com,Male,224.241.3.226,Audi,A8,2008,$7987.28
678,Hakeem,Drake,hdrakeit@cbsnews.com,Male,157.41.155.85,Saab,9-5,2009,$5353.77
679,Nilson,Giroldo,ngiroldoiu@weather.com,Male,109.107.186.105,Subaru,Baja,2003,$6189.49
680,Tomi,Burfoot,tburfootiv@vistaprint.com,Female,102.239.20.127,Ford,F150,2009,$5109.64
681,Kimberli,Ellacott,kellacottiw@redcross.org,Female,102.129.161.214,Nissan,Murano,2010,$399.80
682,Nels,Brignell,nbrignellix@macromedia.com,Male,255.168.200.148,Jeep,Cherokee,1998,$9297.98
683,Marvin,Tiptaft,mtiptaftiy@prweb.com,Male,125.149.126.207,Suzuki,XL-7,2003,$265.59
684,Fransisco,O'Finan,fofinaniz@privacy.gov.au,Male,49.32.208.4,Volkswagen,GTI,1992,$5694.00
685,Hermy,Dallman,hdallmanj0@phpbb.com,Male,28.106.81.158,Ford,Fiesta,2012,$6153.55
686,Kale,Skillman,kskillmanj1@cafepress.com,Male,60.116.110.168,Lexus,LS,2007,$1014.81
687,Chev,Bernardot,cbernardotj2@is.gd,Male,3.117.98.11,Chevrolet,Impala SS,1994,$2979.93
688,Alon,Simion,asimionj3@chicagotribune.com,Male,139.190.49.16,Buick,LaCrosse,2010,$2074.50
689,Gerik,Rosenbloom,grosenbloomj4@sakura.ne.jp,Male,14.181.253.191,Mercury,Grand Marquis,1988,$708.96
690,Clo,Santello,csantelloj5@illinois.edu,Female,202.171.15.134,Mercedes-Benz,E-Class,1984,$5128.53
691,Massimo,Scutt,mscuttj6@altervista.org,Male,215.36.63.255,Chevrolet,Corvette,1995,$9821.42
692,Florance,Burdin,fburdinj7@soup.io,Female,169.95.149.223,Mercedes-Benz,CLS-Class,2011,$1642.28
693,Nancie,Rattry,nrattryj8@zdnet.com,Female,7.110.43.21,MINI,Cooper,2002,$770.11
694,Ignazio,Parfitt,iparfittj9@mail.ru,Male,129.179.27.47,Chrysler,Concorde,1993,$2585.14
695,Hamel,Frearson,hfrearsonja@addthis.com,Male,178.57.224.86,Mitsubishi,Expo,1993,$4856.77
696,Cleavland,Dible,cdiblejb@wunderground.com,Male,120.71.60.166,Daewoo,Leganza,2000,$909.50
697,Lefty,Geaney,lgeaneyjc@intel.com,Male,83.131.81.238,GMC,Vandura G3500,1996,$2932.64
698,Heall,Joost,hjoostjd@wikia.com,Male,15.232.220.230,Chevrolet,Suburban 2500,1994,$1150.76
699,Aida,Kenforth,akenforthje@psu.edu,Female,54.222.148.240,Chrysler,Voyager,2000,$7580.66
700,Frannie,Close,fclosejf@devhub.com,Female,113.116.85.56,Mitsubishi,Eclipse,2004,$3017.58
701,Tirrell,Gooday,tgoodayjg@google.fr,Male,192.27.133.76,BMW,M5,2008,$6600.68
702,Tabor,Izen,tizenjh@qq.com,Male,96.105.87.5,Mercury,Sable,1999,$5313.43
703,Chery,Loffel,cloffelji@i2i.jp,Female,132.106.84.181,Ford,E-350 Super Duty,2006,$4475.09
704,Fair,Rickaby,frickabyjj@cdbaby.com,Male,8.90.245.254,Subaru,Legacy,1989,$3380.33
705,Yance,Frugier,yfrugierjk@ning.com,Male,147.120.221.11,Volvo,C30,2009,$6606.37
706,Wallie,Yea,wyeajl@geocities.jp,Male,143.87.17.83,Chevrolet,Tahoe,2001,$9049.84
707,Cornelia,Risen,crisenjm@imgur.com,Female,105.230.49.108,Plymouth,Laser,1993,$5949.64
708,Issy,Pistol,ipistoljn@stanford.edu,Female,120.222.124.159,Hyundai,Sonata,2000,$1911.56
709,Elias,Catchpole,ecatchpolejo@aol.com,Male,22.25.181.130,Suzuki,Swift,1991,$4466.80
710,Larisa,Hryskiewicz,lhryskiewiczjp@ow.ly,Female,129.37.123.122,Ford,Explorer Sport Trac,2002,$7671.16
711,Meridith,Semerad,msemeradjq@tuttocitta.it,Female,126.249.142.159,Suzuki,XL-7,2001,$8209.99
712,Patrizio,Eccleston,pecclestonjr@illinois.edu,Male,40.6.149.5,Acura,TL,2005,$6147.89
713,Shellysheldon,Posvner,sposvnerjs@usda.gov,Male,246.120.244.200,Toyota,RAV4,2011,$1607.41
714,Ethan,Proback,eprobackjt@uiuc.edu,Male,205.191.59.3,Ford,GT,2006,$6312.58
715,Jennilee,Gerardot,jgerardotju@seesaa.net,Female,61.13.250.131,Volkswagen,GTI,1987,$2784.69
716,Malvina,Huncoot,mhuncootjv@smh.com.au,Female,124.105.63.236,Mazda,RX-8,2010,$9236.65
717,Zulema,Critchard,zcritchardjw@stumbleupon.com,Female,14.217.10.46,Ford,LTD Crown Victoria,1989,$580.04
718,Filip,Irving,firvingjx@sina.com.cn,Male,60.103.166.18,Ford,F-Series,1997,$8067.05
719,Emma,Newlove,enewlovejy@chicagotribune.com,Female,81.39.122.32,Buick,Enclave,2011,$5655.94
720,Alanson,Frere,afrerejz@infoseek.co.jp,Male,109.232.190.8,Mitsubishi,Galant,1987,$3663.70
721,Daveen,Greydon,dgreydonk0@disqus.com,Female,173.224.120.75,Dodge,Ram Van 2500,1996,$1639.47
722,Marcela,Petty,mpettyk1@reddit.com,Female,145.253.108.153,Isuzu,i-Series,2008,$7162.87
723,Donna,Schofield,dschofieldk2@netscape.com,Female,156.171.67.38,Audi,A3,2010,$6236.41
724,Darby,Prayer,dprayerk3@nps.gov,Male,142.38.161.174,Ford,Bronco II,1989,$9693.44
725,Patten,Baughen,pbaughenk4@joomla.org,Male,70.149.208.72,Buick,Regal,1987,$2001.49
726,Nerti,Woolhouse,nwoolhousek5@infoseek.co.jp,Female,101.172.214.23,Ford,Club Wagon,1995,$8807.20
727,Lusa,Sleep,lsleepk6@purevolume.com,Female,228.181.182.49,Buick,Park Avenue,1993,$1174.49
728,Edeline,Corrin,ecorrink7@who.int,Female,154.176.191.200,Volvo,C30,2008,$6090.66
729,Sargent,Aspey,saspeyk8@state.gov,Male,223.88.31.4,Chevrolet,Suburban 2500,2000,$37.16
730,Vita,Van Leijs,vvanleijsk9@miitbeian.gov.cn,Female,250.127.245.186,Ford,E150,2005,$2120.32
731,Ara,Estabrook,aestabrookka@psu.edu,Female,33.159.191.221,Mitsubishi,Lancer Evolution,2006,$8800.79
732,Arel,Wrettum,awrettumkb@technorati.com,Male,233.149.174.77,Suzuki,Verona,2006,$1270.16
733,Meyer,Fleckney,mfleckneykc@pinterest.com,Male,80.94.41.36,Pontiac,Firebird,1993,$456.08
734,Loleta,Bellward,lbellwardkd@newsvine.com,Female,9.19.211.15,GMC,Suburban 1500,1996,$4542.15
735,Kyle,Vearncomb,kvearncombke@sciencedaily.com,Female,131.130.130.89,Volkswagen,Touareg,2006,$3596.99
736,Esme,Newarte,enewartekf@sohu.com,Male,178.100.240.17,Chevrolet,Lumina,1995,$9249.86
737,Lancelot,Yendall,lyendallkg@fotki.com,Male,83.41.59.71,Panoz,Esperante,2005,$3274.19
738,Jordan,Dominey,jdomineykh@lycos.com,Female,173.230.98.213,Chrysler,Cirrus,1998,$8304.91
739,Rabbi,Pautot,rpautotki@freewebs.com,Male,43.99.76.58,Chevrolet,Express 3500,2010,$4743.43
740,Gardner,Credland,gcredlandkj@harvard.edu,Male,231.86.31.183,Jeep,Grand Cherokee,2004,$936.25
741,Francis,Arro,farrokk@w3.org,Male,232.221.181.3,Pontiac,Vibe,2004,$1135.35
742,Donnell,Paolo,dpaolokl@webmd.com,Male,217.139.85.170,Isuzu,Axiom,2003,$3862.74
743,Faulkner,Eisikowitch,feisikowitchkm@si.edu,Male,16.93.234.177,Volvo,XC90,2003,$9079.67
744,Kristyn,Beard,kbeardkn@flickr.com,Female,182.39.178.201,Toyota,Camry,2003,$5936.75
745,Bo,Dowthwaite,bdowthwaiteko@businessweek.com,Male,141.152.169.46,Audi,TT,2005,$3417.58
746,Herve,Kittles,hkittleskp@nydailynews.com,Male,165.80.164.253,Toyota,Celica,1976,$3407.63
747,Jeane,Wickham,jwickhamkq@google.ca,Female,68.5.39.243,Infiniti,FX,2007,$326.28
748,Gualterio,Ciubutaro,gciubutarokr@myspace.com,Male,38.54.213.200,Dodge,Sprinter,2006,$3076.33
749,Lissy,Bodicam,lbodicamks@dyndns.org,Female,56.51.186.63,GMC,2500,1996,$7148.55
750,Whitaker,Mougel,wmougelkt@flavors.me,Male,166.249.176.183,Nissan,Quest,1993,$8824.46
751,Janek,Connow,jconnowku@mail.ru,Male,138.4.86.108,Chevrolet,Camaro,1994,$6882.56
752,Rafaelia,Baudry,rbaudrykv@dell.com,Female,39.233.238.242,Mercury,Topaz,1994,$2903.30
753,Harmon,Jamrowicz,hjamrowiczkw@xrea.com,Male,92.141.180.168,GMC,Safari,2001,$8638.71
754,Caesar,Pakes,cpakeskx@constantcontact.com,Male,135.229.234.217,Lincoln,Mark VIII,1998,$1953.21
755,Alanson,Gherarducci,agherarducciky@storify.com,Male,114.49.224.163,Ford,Mustang,1964,$1608.63
756,Oliviero,Caton,ocatonkz@jiathis.com,Male,66.202.105.154,Chevrolet,Aveo,2004,$8654.09
757,Binnie,McQuilliam,bmcquilliaml0@illinois.edu,Female,42.199.143.185,Ram,3500,2011,$5863.79
758,Sibelle,Wordesworth,swordesworthl1@yahoo.com,Female,175.255.58.231,Chevrolet,Blazer,1995,$9916.30
759,Burty,Wyburn,bwyburnl2@mysql.com,Male,20.29.54.219,Chevrolet,Silverado 3500,2005,$3976.95
760,Isabelle,Chiplen,ichiplenl3@ning.com,Female,198.204.164.162,Volkswagen,Eurovan,1999,$6810.09
761,Augusta,Craddock,acraddockl4@nps.gov,Female,75.129.193.195,Chrysler,300M,1999,$1954.26
762,Justino,Bazely,jbazelyl5@altervista.org,Male,31.104.56.254,Mercury,Mountaineer,2002,$276.23
763,Case,Bonnier,cbonnierl6@bbc.co.uk,Male,54.164.20.70,Austin,Mini Cooper,1961,$9853.58
764,Abby,Ragless,araglessl7@google.com.au,Female,58.34.119.77,Saab,9-3,2005,$2228.77
765,Cthrine,Cissen,ccissenl8@vimeo.com,Female,25.30.174.188,Jeep,Grand Cherokee,1994,$6025.12
766,Eudora,Agates,eagatesl9@pagesperso-orange.fr,Female,179.187.195.188,Saab,9000,1993,$4350.87
767,Florella,Andrich,fandrichla@jalbum.net,Female,115.9.122.109,Nissan,Sentra,1993,$5761.60
768,Melinde,Thorius,mthoriuslb@trellian.com,Female,192.221.85.187,Isuzu,Ascender,2004,$3824.85
769,Crichton,Dibsdale,cdibsdalelc@aol.com,Male,42.178.215.166,Volkswagen,Passat,1995,$1518.96
770,Russell,Ravenhills,rravenhillsld@cpanel.net,Male,88.252.168.97,Lincoln,Continental,1985,$9317.29
771,Quillan,Fiddy,qfiddyle@timesonline.co.uk,Male,89.194.75.17,Lincoln,Town Car,2005,$1937.89
772,Ernaline,Buller,ebullerlf@xinhuanet.com,Female,20.45.189.28,Dodge,Ram Van 3500,1998,$2019.17
773,Maegan,Piburn,mpiburnlg@stumbleupon.com,Female,92.61.61.131,Mitsubishi,Outlander,2006,$4985.36
774,Debbie,Mickan,dmickanlh@cbslocal.com,Female,45.4.122.82,Volvo,S70,2000,$5074.17
775,Cicely,Hamblyn,chamblynli@yolasite.com,Female,59.237.104.30,Dodge,Ram 2500 Club,1999,$6597.24
776,El,Pancast,epancastlj@discovery.com,Male,30.4.164.112,GMC,Rally Wagon 1500,1992,$1978.09
777,Zeke,Fripp,zfripplk@multiply.com,Male,158.35.95.16,Dodge,Ram 2500 Club,1997,$2569.69
778,Darill,Sproat,dsproatll@telegraph.co.uk,Male,90.249.156.237,Mercedes-Benz,M-Class,2003,$8222.41
779,Dyann,Bartul,dbartullm@wordpress.com,Female,162.45.44.30,Mitsubishi,GTO,1998,$4399.65
780,Adam,Pareman,aparemanln@dailymotion.com,Male,145.183.239.30,Oldsmobile,Silhouette,1999,$7287.14
781,Quentin,Egger,qeggerlo@aboutads.info,Male,29.200.255.153,BMW,325,2004,$4867.15
782,Ewell,Baum,ebaumlp@state.gov,Male,202.195.65.238,Lincoln,MKS,2009,$9868.24
783,Allyn,Hellyar,ahellyarlq@google.ca,Male,27.230.15.49,Scion,xB,2005,$4177.17
784,Jacklyn,Allatt,jallattlr@statcounter.com,Female,151.105.131.167,BMW,Z8,2001,$4346.94
785,Thain,Alvey,talveyls@de.vu,Male,169.226.41.143,Mercury,Marquis,1985,$7350.75
786,Wyndham,Harsnipe,wharsnipelt@constantcontact.com,Male,224.157.230.28,Volvo,960,1994,$5471.73
787,Merry,Garred,mgarredlu@thetimes.co.uk,Male,50.82.133.59,Mitsubishi,Montero,1999,$3869.00
788,Victoir,Spurling,vspurlinglv@sitemeter.com,Male,247.45.133.155,Pontiac,Turbo Firefly,1990,$8244.92
789,Fredek,Wrightam,fwrightamlw@bizjournals.com,Male,242.217.55.242,Mercury,Mountaineer,2007,$1087.16
790,Englebert,Dimitru,edimitrulx@gmpg.org,Male,142.223.119.117,Toyota,Celica,2005,$9996.09
791,Mikol,Ingraham,mingrahamly@rakuten.co.jp,Male,36.44.109.65,Holden,VS Commodore,1996,$6779.85
792,Cassey,Altree,caltreelz@google.pl,Female,217.47.211.89,Mitsubishi,Chariot,1991,$8363.51
793,Grenville,Fant,gfantm0@bloglovin.com,Male,57.8.246.99,Chevrolet,2500,1999,$2644.38
794,Eada,Kem,ekemm1@guardian.co.uk,Female,66.217.245.117,Porsche,Carrera GT,2005,$2951.38
795,Garek,Lightoller,glightollerm2@businessinsider.com,Male,121.130.201.67,Toyota,RAV4,2002,$8451.83
796,Nial,Aleksahkin,naleksahkinm3@utexas.edu,Male,7.19.152.198,Porsche,944,1991,$7215.77
797,Lennie,Sandeford,lsandefordm4@kickstarter.com,Male,158.184.75.106,Chevrolet,Suburban 1500,2002,$597.80
798,Rose,Suggett,rsuggettm5@mayoclinic.com,Female,154.4.49.204,Porsche,911,1993,$302.85
799,Kara-lynn,Balogh,kbaloghm6@oaic.gov.au,Female,143.148.143.90,Acura,NSX,1997,$4100.84
800,Karlotta,Menzies,kmenziesm7@posterous.com,Female,132.205.60.255,Audi,S5,2011,$3140.62
801,Kim,Jessard,kjessardm8@wsj.com,Female,193.55.232.46,Audi,RS 6,2003,$8368.46
802,Cathrin,Yurchenko,cyurchenkom9@ning.com,Female,64.14.127.0,Chevrolet,Malibu,2002,$9301.41
803,Myca,Kikke,mkikkema@soup.io,Male,114.44.27.74,Volkswagen,Passat,1985,$9939.76
804,Carrissa,Clayden,cclaydenmb@hexun.com,Female,169.201.210.130,Acura,MDX,2003,$2786.36
805,Town,Dowears,tdowearsmc@360.cn,Male,50.35.128.87,Ford,Fiesta,2011,$6750.09
806,Gaven,Bertomieu,gbertomieumd@uol.com.br,Male,0.131.96.131,Mitsubishi,Cordia,1986,$5460.17
807,Deerdre,Greenaway,dgreenawayme@globo.com,Female,117.78.229.85,Ford,Explorer Sport Trac,2010,$3381.47
808,Fannie,Lapping,flappingmf@bing.com,Female,89.37.133.107,GMC,Sierra 3500,2003,$6722.21
809,Karlen,Frosdick,kfrosdickmg@prlog.org,Female,1.241.147.203,Subaru,Leone,1985,$4542.01
810,Grover,Guerreau,gguerreaumh@comcast.net,Male,62.122.52.188,Chrysler,Sebring,1997,$7980.50
811,Nigel,Cranna,ncrannami@nydailynews.com,Male,8.255.199.249,Nissan,Rogue,2012,$6556.86
812,Bern,Mettericke,bmetterickemj@creativecommons.org,Male,67.35.226.73,Mercedes-Benz,SL-Class,1998,$9172.05
813,Seline,Rushmare,srushmaremk@dagondesign.com,Female,99.139.124.139,Mercury,Topaz,1993,$2643.64
814,Torrie,Fitzpayn,tfitzpaynml@yellowbook.com,Female,190.224.38.133,GMC,Yukon,1997,$5712.79
815,Nels,Tompkin,ntompkinmm@t-online.de,Male,199.47.144.6,Mazda,B-Series,2004,$1917.70
816,Abramo,Stacy,astacymn@jiathis.com,Male,165.202.64.163,Dodge,Dakota Club,1996,$439.83
817,Mandy,Ickovicz,mickoviczmo@goo.ne.jp,Female,35.214.105.94,Honda,S2000,2006,$2534.80
818,Syman,Lippi,slippimp@epa.gov,Male,0.144.3.145,Hyundai,Accent,1999,$4522.48
819,Alfy,Marzelo,amarzelomq@earthlink.net,Male,7.202.165.81,GMC,Envoy XL,2002,$9404.16
820,Bert,Jurkiewicz,bjurkiewiczmr@odnoklassniki.ru,Male,246.81.187.52,Ford,Laser,1985,$2665.98
821,Natalina,Roxby,nroxbyms@un.org,Female,50.49.151.197,Audi,S4,2008,$6323.16
822,Antone,Brandrick,abrandrickmt@blogtalkradio.com,Male,5.213.255.98,Subaru,Legacy,1989,$345.56
823,Alair,Gyenes,agyenesmu@aol.com,Male,152.163.146.151,Infiniti,FX,2012,$3253.65
824,Jard,Quarton,jquartonmv@cornell.edu,Male,248.33.219.169,Chevrolet,Corvette,2005,$4802.67
825,Artur,Roddam,aroddammw@unblog.fr,Male,202.231.221.231,Mitsubishi,Eclipse,1991,$5333.50
826,Margalit,Stronge,mstrongemx@cmu.edu,Female,64.4.112.5,BMW,X6 M,2010,$5728.50
827,Donnamarie,Revell,drevellmy@hp.com,Female,2.134.171.104,Volkswagen,New Beetle,2003,$1268.24
828,Gwenneth,Baskeyfied,gbaskeyfiedmz@dropbox.com,Female,6.35.76.140,Chrysler,Sebring,2007,$5927.32
829,Mildred,Iacobetto,miacobetton0@dot.gov,Female,81.209.240.53,Volkswagen,Jetta,2001,$7544.82
830,Paddie,Romagnosi,promagnosin1@cbsnews.com,Male,116.80.158.103,Pontiac,Firebird,1992,$7412.67
831,Axel,Chesser,achessern2@eepurl.com,Male,54.177.122.44,Ford,Focus,2005,$2044.71
832,Heindrick,Lowndes,hlowndesn3@flickr.com,Male,225.162.15.218,Subaru,Impreza,1996,$4261.18
833,Lazaro,Dineen,ldineenn4@statcounter.com,Male,136.95.183.201,Volvo,XC90,2005,$932.20
834,Dody,Olivazzi,dolivazzin5@bbc.co.uk,Female,238.251.212.204,Kia,Rondo,2008,$8044.36
835,Babita,Pevsner,bpevsnern6@netlog.com,Female,254.108.76.80,Nissan,200SX,1995,$6635.90
836,Markus,Lydon,mlydonn7@goo.gl,Male,147.245.132.115,Ford,Ranger,2006,$5796.98
837,Gradey,Grigoliis,ggrigoliisn8@godaddy.com,Male,213.224.193.247,Isuzu,Trooper,1994,$4081.67
838,Sheelah,Tomaskov,stomaskovn9@printfriendly.com,Female,87.142.217.89,GMC,Jimmy,1997,$4637.32
839,Moira,Twinn,mtwinnna@de.vu,Female,216.109.236.107,Dodge,Dakota,2007,$3635.62
840,Roddie,Chmarny,rchmarnynb@va.gov,Male,234.139.222.207,Pontiac,Tempest,1965,$6830.21
841,Arnaldo,Counihan,acounihannc@gizmodo.com,Male,19.219.233.151,BMW,5 Series,2004,$8394.66
842,Kylie,Escoffier,kescoffiernd@theguardian.com,Male,136.210.75.124,Chevrolet,Suburban 1500,1996,$5985.32
843,Karlik,Friday,kfridayne@europa.eu,Male,197.228.139.39,Dodge,Ram,2007,$723.92
844,Ezra,Ewin,eewinnf@blogspot.com,Male,184.62.197.136,Pontiac,Bonneville,1998,$8830.55
845,Tab,Longmire,tlongmireng@friendfeed.com,Male,41.241.102.244,Bentley,Continental,2012,$2012.70
846,Myrna,Philipard,mphilipardnh@dyndns.org,Female,110.177.109.237,Chevrolet,Cavalier,1992,$7764.54
847,Aguste,Carrol,acarrolni@tinypic.com,Male,140.222.24.176,Audi,Q5,2009,$982.32
848,Bo,Athelstan,bathelstannj@newsvine.com,Male,54.238.98.123,Chevrolet,Express 1500,2004,$8741.18
849,Mallory,Dowthwaite,mdowthwaitenk@wp.com,Male,184.209.253.97,Ford,Aerostar,1989,$1221.92
850,Peter,Marle,pmarlenl@vkontakte.ru,Male,233.22.24.70,Saturn,Outlook,2007,$185.32
851,Stormy,Barthot,sbarthotnm@independent.co.uk,Female,226.90.177.50,Plymouth,Voyager,1996,$3946.49
852,Gill,Dumphy,gdumphynn@mapquest.com,Male,71.70.47.164,Mercury,Capri,1993,$2938.13
853,Bibbie,Calderbank,bcalderbankno@yellowbook.com,Female,24.124.136.201,Mercedes-Benz,SLK-Class,2002,$4485.56
854,Layne,Sowerby,lsowerbynp@instagram.com,Female,60.166.82.107,Dodge,Caliber,2010,$3374.64
855,Elisha,Mooring,emooringnq@tuttocitta.it,Female,3.202.11.92,Subaru,Impreza,1996,$5905.78
856,Will,Newby,wnewbynr@etsy.com,Male,218.184.56.12,Ford,Aerostar,1995,$3251.13
857,Friedrick,Janouch,fjanouchns@skype.com,Male,33.194.1.84,Mazda,CX-9,2010,$6520.92
858,Carrol,Monkleigh,cmonkleighnt@stanford.edu,Male,108.112.34.196,Lincoln,Town Car,1989,$5199.85
859,Raquel,Speirs,rspeirsnu@adobe.com,Female,99.187.255.219,Acura,TSX,2008,$8049.03
860,Bucky,MacLure,bmaclurenv@upenn.edu,Male,192.163.157.208,Chevrolet,Silverado 1500,1999,$1087.29
861,Miquela,Breed,mbreednw@lulu.com,Female,13.216.225.68,Pontiac,Gemini,1986,$7192.86
862,Selma,Pashley,spashleynx@techcrunch.com,Female,104.167.91.160,Chevrolet,G-Series 3500,1998,$430.71
863,Tilda,Clemendot,tclemendotny@about.me,Female,226.107.68.249,Volkswagen,Tiguan,2011,$6935.65
864,Blake,Baldassi,bbaldassinz@ox.ac.uk,Male,96.110.132.246,Buick,Coachbuilder,1994,$5721.91
865,Jamima,Datte,jdatteo0@ifeng.com,Female,230.103.251.153,Lincoln,LS,2000,$1901.72
866,Lanette,Bellenger,lbellengero1@chron.com,Female,102.81.118.235,Jaguar,S-Type,2006,$9583.52
867,Hesther,Meaddowcroft,hmeaddowcrofto2@amazon.co.jp,Female,3.38.91.102,Lotus,Elan,1991,$6680.08
868,Tam,O'Brian,tobriano3@businesswire.com,Male,82.108.72.194,MINI,Countryman,2012,$1210.74
869,Isabeau,Spier,ispiero4@archive.org,Female,101.116.183.100,Mercury,Sable,2001,$2914.51
870,Rea,Conway,rconwayo5@ted.com,Female,131.2.140.114,Lexus,SC,2007,$92.18
871,Susana,Fishbourne,sfishbourneo6@booking.com,Female,216.237.75.103,Chevrolet,Monte Carlo,1997,$2115.27
872,Melloney,Hallut,mhalluto7@hexun.com,Female,170.32.245.135,BMW,M5,1992,$2910.94
873,Anissa,Huggard,ahuggardo8@sfgate.com,Female,144.129.182.151,Mazda,Mazda3,2012,$6545.32
874,Ashia,Goosnell,agoosnello9@lulu.com,Female,218.250.191.54,Lincoln,Mark VIII,1995,$6535.67
875,Berti,Tremblot,btremblotoa@clickbank.net,Male,73.254.154.242,Audi,5000CS Quattro,1986,$7833.70
876,Hector,Helstrip,hhelstripob@paginegialle.it,Male,253.101.28.5,Ford,E-Series,1986,$6607.88
877,Natal,Riepel,nriepeloc@eventbrite.com,Male,110.19.117.53,GMC,2500,1995,$7299.61
878,Ade,Okenfold,aokenfoldod@harvard.edu,Male,96.104.73.195,Dodge,Ram 1500 Club,2001,$9556.10
879,Dixie,Cloy,dcloyoe@a8.net,Female,41.71.78.248,MINI,Countryman,2011,$377.03
880,Doralyn,Enrrico,denrricoof@ucsd.edu,Female,102.108.235.231,Ford,F150,2005,$1579.73
881,Devlen,Lount,dlountog@marketwatch.com,Male,93.123.195.237,Plymouth,Sundance,1994,$9951.87
882,Carmela,Lande,clandeoh@ucla.edu,Female,53.250.56.251,Nissan,Titan,2004,$4227.39
883,Carr,Rhelton,crheltonoi@google.ca,Male,155.131.187.179,Mazda,MPV,2002,$7779.32
884,Salaidh,Landal,slandaloj@flavors.me,Female,254.192.51.155,Jaguar,X-Type,2006,$7854.13
885,Gilberto,Alyonov,galyonovok@prlog.org,Male,225.29.51.235,Toyota,Tundra,2001,$7985.51
886,Noelyn,McGibbon,nmcgibbonol@earthlink.net,Female,105.184.33.240,Chevrolet,Malibu,2005,$5154.07
887,Derrik,Sloane,dsloaneom@sun.com,Male,170.56.21.107,BMW,7 Series,2001,$8742.12
888,Grethel,Grant,ggranton@fema.gov,Female,205.122.214.73,Subaru,Baja,2003,$5671.59
889,Bart,Bogie,bbogieoo@barnesandnoble.com,Male,7.63.51.173,Lotus,Elise,2007,$2184.71
890,Leora,Meldon,lmeldonop@phpbb.com,Female,79.186.157.123,BMW,Z3,1999,$3007.13
891,Cornall,Jenman,cjenmanoq@wufoo.com,Male,182.175.214.139,Mitsubishi,Chariot,1992,$8871.04
892,Standford,Kniveton,sknivetonor@youtube.com,Male,161.118.144.134,Buick,Enclave,2009,$7316.76
893,Maynord,Hackley,mhackleyos@amazon.co.jp,Male,184.220.174.150,Lexus,IS,2002,$8393.88
894,Neddie,Morstatt,nmorstattot@columbia.edu,Male,58.108.176.153,MINI,Clubman,2008,$161.32
895,Cordell,Aire,caireou@cloudflare.com,Male,121.218.6.173,Chevrolet,Silverado 1500,2007,$2975.91
896,Byram,Eyre,beyreov@icq.com,Male,152.221.74.131,Toyota,RAV4,2005,$5065.51
897,Yehudi,Adamowitz,yadamowitzow@fema.gov,Male,104.134.9.51,Mercury,Montego,2007,$5630.08
898,Erich,Guerriero,eguerrieroox@sun.com,Male,58.239.101.118,Dodge,Caravan,1985,$2955.06
899,Paulina,Camock,pcamockoy@vimeo.com,Female,16.170.140.77,Infiniti,FX,2010,$8590.01
900,Salem,Ferby,sferbyoz@tinypic.com,Male,227.228.161.76,Ford,Bronco II,1987,$4534.52
901,Dalia,Pitchford,dpitchfordp0@oakley.com,Female,199.56.82.231,Chevrolet,Astro,1999,$1897.03
902,Heriberto,Huie,hhuiep1@sphinn.com,Male,181.98.78.58,Chevrolet,Avalanche 2500,2005,$6682.11
903,Aurilia,Gumery,agumeryp2@google.co.uk,Female,162.53.82.62,Saturn,Aura,2007,$1142.34
904,Lodovico,Loveday,llovedayp3@trellian.com,Male,206.112.94.65,Chevrolet,Silverado 3500,2001,$6432.52
905,Philippine,Haylett,phaylettp4@flickr.com,Female,27.186.198.47,Kia,Soul,2011,$899.33
906,Crawford,Newdick,cnewdickp5@4shared.com,Male,126.91.74.107,Aston Martin,V8 Vantage S,2011,$9952.18
907,Luca,Alsina,lalsinap6@hatena.ne.jp,Male,5.239.254.48,Land Rover,Discovery Series II,2000,$3013.87
908,Evania,Reignould,ereignouldp7@phoca.cz,Female,83.248.69.147,Honda,CR-V,1999,$8532.26
909,Mayne,Eayrs,meayrsp8@theatlantic.com,Male,125.167.235.147,Chevrolet,Corvette,1973,$3326.51
910,Rodina,Holcroft,rholcroftp9@cnbc.com,Female,62.79.167.127,Dodge,Ram Wagon B250,1993,$7055.84
911,Graehme,Djurisic,gdjurisicpa@washington.edu,Male,145.165.6.173,Mercury,Villager,1996,$7822.96
912,Elyse,Daniely,edanielypb@nsw.gov.au,Female,56.104.159.161,Ford,Expedition,2006,$2118.57
913,Claire,Cadwallader,ccadwalladerpc@jalbum.net,Male,217.177.206.93,Volvo,S70,2000,$1030.16
914,Noami,Capron,ncapronpd@state.tx.us,Female,135.159.123.99,Toyota,Paseo,1993,$220.78
915,Dennie,Draisey,ddraiseype@biglobe.ne.jp,Male,196.151.91.158,Audi,S6,2002,$6828.57
916,Olivette,Stolte,ostoltepf@lulu.com,Female,79.116.38.59,Hyundai,Elantra,1994,$5634.42
917,Aggi,Lode,alodepg@taobao.com,Female,90.249.27.105,Subaru,Impreza,2002,$3315.02
918,Leanora,Bloxham,lbloxhamph@plala.or.jp,Female,59.137.44.23,Volvo,C70,2002,$7803.53
919,Durante,Ballance,dballancepi@sitemeter.com,Male,80.122.38.28,Dodge,Caravan,2003,$1717.11
920,Mora,Colquitt,mcolquittpj@vkontakte.ru,Female,87.51.164.19,Ford,F-Series,2008,$4479.62
921,Xever,Blakeley,xblakeleypk@cdc.gov,Male,92.206.225.54,Ford,Econoline E250,1996,$3478.05
922,Jocko,Zanolli,jzanollipl@abc.net.au,Male,192.5.32.250,Holden,Monaro,2004,$3127.36
923,Lorry,Semrad,lsemradpm@simplemachines.org,Male,54.103.222.96,Subaru,Legacy,2001,$8288.74
924,Liesa,Dorey,ldoreypn@163.com,Female,209.227.254.58,Audi,5000S,1988,$1313.17
925,Hilliard,Zannuto,hzannutopo@mashable.com,Male,146.53.76.64,Cadillac,CTS,2010,$7345.18
926,Jase,Calderon,jcalderonpp@youku.com,Male,208.208.88.163,Chrysler,Sebring,2000,$5498.41
927,Atalanta,Ciobotaru,aciobotarupq@army.mil,Female,134.32.72.30,Mitsubishi,Montero,2002,$7124.31
928,Antonin,Wainscoat,awainscoatpr@bloomberg.com,Male,0.122.104.0,Plymouth,Acclaim,1994,$5447.79
929,Ebony,Alesin,ealesinps@godaddy.com,Female,146.45.122.102,Chevrolet,Express 1500,2009,$2390.12
930,Pennie,Iglesia,piglesiapt@jiathis.com,Female,193.226.165.22,Chevrolet,S10 Blazer,1992,$4861.26
931,Mitchell,Stang-Gjertsen,mstanggjertsenpu@4shared.com,Male,169.93.149.119,Lexus,GS,2007,$2496.83
932,Terrel,Bernette,tbernettepv@engadget.com,Male,255.154.125.32,Cadillac,DeVille,1992,$9658.02
933,Sidonia,Downing,sdowningpw@deviantart.com,Female,35.25.242.170,Ford,E-Series,1993,$226.27
934,Margi,Archbell,marchbellpx@angelfire.com,Female,124.87.104.118,Porsche,Boxster,2013,$4873.17
935,Northrop,Bailiss,nbailisspy@mediafire.com,Male,237.94.100.152,Bentley,Continental,2009,$3550.34
936,Thom,Birchenough,tbirchenoughpz@hud.gov,Male,254.26.249.192,Citron,2CV,1948,$1284.98
937,Bel,Rysdale,brysdaleq0@ezinearticles.com,Female,121.72.83.177,Isuzu,Rodeo,1997,$6345.69
938,Fabio,Windows,fwindowsq1@ustream.tv,Male,236.243.142.164,Toyota,Previa,1991,$4392.67
939,Brynn,Josskowitz,bjosskowitzq2@opensource.org,Female,165.103.236.130,Cadillac,Seville,2001,$7820.30
940,Esma,Senett,esenettq3@usnews.com,Female,111.27.142.9,Kia,Sportage,2010,$6825.91
941,Ricky,Maddinon,rmaddinonq4@printfriendly.com,Female,177.120.89.152,Mazda,Familia,1992,$3525.98
942,Estell,Stuke,estukeq5@sbwire.com,Female,69.94.197.203,Oldsmobile,88,1992,$6457.01
943,Pate,Goulding,pgouldingq6@cloudflare.com,Male,217.19.152.240,GMC,Sonoma,1996,$5044.82
944,Shermie,Lorking,slorkingq7@uol.com.br,Male,39.174.205.243,Toyota,RAV4,2009,$4921.55
945,Alyss,Sor,asorq8@unicef.org,Female,236.105.102.12,Mercury,Mountaineer,2005,$5361.48
946,Madonna,Poag,mpoagq9@symantec.com,Female,247.77.167.215,Subaru,Tribeca,2011,$7282.62
947,Belinda,Rowan,browanqa@marriott.com,Female,97.116.253.173,Kia,Optima,2008,$1206.97
948,Osborne,Meake,omeakeqb@state.gov,Male,200.83.149.61,Bugatti,Veyron,2011,$6182.12
949,Brandea,Thomesson,bthomessonqc@ycombinator.com,Female,3.49.217.85,MINI,Cooper,2007,$9469.20
950,Myrilla,Kettow,mkettowqd@globo.com,Female,22.238.254.177,Chevrolet,Corsica,1992,$1031.82
951,Pippa,Gaule,pgauleqe@shop-pro.jp,Female,20.199.76.173,Ford,Five Hundred,2007,$4583.40
952,Sibilla,Farmiloe,sfarmiloeqf@cam.ac.uk,Female,61.118.16.54,Cadillac,Catera,1999,$3415.10
953,Hendrick,Benninck,hbenninckqg@scientificamerican.com,Male,91.100.247.11,Pontiac,Bonneville,1999,$436.15
954,Roana,Kryszka,rkryszkaqh@cyberchimps.com,Female,145.131.64.135,Toyota,Sienna,2004,$6465.73
955,Tiffy,Closs,tclossqi@samsung.com,Female,51.129.127.135,BMW,325,2005,$7455.13
956,Lydon,Tonkinson,ltonkinsonqj@networksolutions.com,Male,187.69.94.161,Pontiac,Grand Prix,1971,$2477.94
957,Christian,Affuso,caffusoqk@wufoo.com,Male,49.46.99.193,Chevrolet,Beretta,1992,$8891.94
958,Fran,Dargie,fdargieql@ebay.com,Female,192.164.22.207,Nissan,350Z,2005,$8884.32
959,Joey,Batchelder,jbatchelderqm@spotify.com,Male,150.233.146.74,Mazda,CX-7,2008,$2337.38
960,Carr,Raccio,craccioqn@devhub.com,Male,194.37.136.156,GMC,Yukon XL,2006,$4082.55
961,Rouvin,Ferrarotti,rferrarottiqo@jalbum.net,Male,206.39.67.178,Infiniti,G,2005,$6705.47
962,Rockey,Mayo,rmayoqp@dailymail.co.uk,Male,112.71.242.134,Dodge,Ram 2500,2000,$6804.75
963,Bren,Guile,bguileqq@ox.ac.uk,Female,145.116.98.199,Plymouth,Colt,1994,$8498.74
964,Carry,Greig,cgreigqr@ox.ac.uk,Female,18.102.177.27,Mercedes-Benz,CL-Class,2012,$9002.41
965,Jessie,Kivlin,jkivlinqs@gmpg.org,Male,16.27.112.71,Volkswagen,Jetta,1999,$7465.01
966,Pancho,Stuttman,pstuttmanqt@yellowbook.com,Male,104.234.60.242,Mazda,B-Series,2008,$4654.65
967,Dorice,Corrin,dcorrinqu@behance.net,Female,183.196.212.33,Chrysler,Sebring,1997,$4739.72
968,Alisander,Lalley,alalleyqv@fema.gov,Male,167.214.43.121,Hummer,H3T,2010,$2727.71
969,Gabie,Ruperti,grupertiqw@umn.edu,Male,240.34.115.191,Kia,Borrego,2009,$7432.28
970,Jamill,Grinston,jgrinstonqx@ca.gov,Male,82.224.214.119,Dodge,Ram Wagon B250,1992,$352.34
971,Deeann,Possek,dpossekqy@printfriendly.com,Female,209.71.232.106,Mazda,Mazda5,2009,$27.53
972,Brock,Doubleday,bdoubledayqz@zdnet.com,Male,203.52.40.235,Lexus,RX Hybrid,2012,$8608.16
973,Maitilde,Wadham,mwadhamr0@wisc.edu,Female,215.53.150.128,BMW,7 Series,2001,$5537.30
974,Beatrix,De Cleen,bdecleenr1@odnoklassniki.ru,Female,42.145.25.107,Acura,Legend,1989,$1582.85
975,Rikki,Simenet,rsimenetr2@tripadvisor.com,Male,25.182.150.218,Chevrolet,Camaro,1971,$7732.08
976,Huey,Goodanew,hgoodanewr3@1und1.de,Male,58.118.1.72,Nissan,Maxima,2001,$6704.58
977,Gearalt,Peacher,gpeacherr4@techcrunch.com,Male,7.23.94.144,Infiniti,G,2005,$3996.87
978,Xaviera,Mathevon,xmathevonr5@xrea.com,Female,161.132.134.156,Audi,S5,2008,$9909.27
979,Derek,Teaser,dteaserr6@de.vu,Male,139.110.12.38,Saab,9-3,2006,$178.72
980,Gwenny,MacNally,gmacnallyr7@home.pl,Female,221.50.239.145,Mazda,CX-9,2009,$8501.34
981,Vivyanne,Hollyard,vhollyardr8@bloglines.com,Female,177.50.201.140,Mercedes-Benz,CL-Class,2012,$9423.21
982,Ephrayim,Thow,ethowr9@wix.com,Male,191.180.87.6,Lexus,SC,2000,$599.98
983,Salvador,Solan,ssolanra@rakuten.co.jp,Male,171.79.28.89,Ford,Thunderbird,1989,$6162.10
984,Tessie,Dackombe,tdackomberb@skyrock.com,Female,33.122.20.106,Mercedes-Benz,R-Class,2008,$8143.03
985,Lilly,Kynett,lkynettrc@cdc.gov,Female,100.42.14.219,Ford,Ranger,1985,$6147.16
986,Riannon,Cull,rcullrd@blinklist.com,Female,202.97.50.110,Toyota,Camry,2009,$2464.49
987,Jaimie,Beat,jbeatre@cnn.com,Male,120.146.99.56,Cadillac,SRX,2009,$2129.81
988,Lynnet,Cramer,lcramerrf@ucoz.com,Female,21.182.113.54,Dodge,Intrepid,2001,$4573.16
989,Nerissa,Berzin,nberzinrg@hud.gov,Female,71.255.112.80,Mercedes-Benz,SL-Class,1996,$6324.77
990,Maryellen,Giacoboni,mgiacobonirh@sfgate.com,Female,167.17.60.33,Volvo,S40,2010,$1784.75
991,Stanly,Letts,slettsri@dion.ne.jp,Male,82.168.151.91,Mitsubishi,Outlander,2004,$2253.32
992,Everard,Bramich,ebramichrj@eepurl.com,Male,9.184.139.8,Eagle,Talon,1997,$2005.79
993,Van,Robert,vrobertrk@fastcompany.com,Male,250.4.109.213,Chevrolet,Lumina,1993,$8992.02
994,Curtis,McKenna,cmckennarl@wufoo.com,Male,143.23.162.183,Ford,Bronco II,1988,$7873.56
995,Veronica,Horrigan,vhorriganrm@ucoz.com,Female,51.41.204.160,Mercedes-Benz,C-Class,2011,$6913.76
996,Bear,Elsworth,belsworthrn@ucla.edu,Male,57.45.244.197,Ford,Thunderbird,1997,$3602.79
997,Ingemar,Seath,iseathro@yandex.ru,Male,211.219.177.41,Ford,Thunderbird,1997,$2635.87
998,Susanna,Beddoe,sbeddoerp@live.com,Female,146.221.247.210,Audi,RS 6,2003,$8357.96
999,Prissie,Penticoot,ppenticootrq@wikipedia.org,Female,34.49.55.56,Maybach,57,2005,$403.50
1000,Caye,Cron,ccronrr@google.ru,Female,163.115.80.18,Chevrolet,Camaro,1997,$200.05
1001,Caye,Cron,ccronrr@google.ru,Female,163.115.80.18,Chevrolet,Camaro,1997,$200.05
1002,Caye,Cron,ccronrr@google.ru,Female,163.115.80.18,Chevrolet,Camaro,1997,$200.05
1003,Caye,Cron,ccronrr@google.ru,Female,163.115.80.18,Chevrolet,Camaro,1997,$200.05
1004,Caye,Cron,ccronrr@google.ru,Female,163.115.80.18,Chevrolet,Camaro,1997,$200.05
1005,Caye,Cron,ccronrr@google.ru,Female,163.115.80.18,Chevrolet,Camaro,1997,$200.05
1006,Caye,Cron,ccronrr@google.ru,Female,163.115.80.18,Chevrolet,Camaro,1997,$200.05
1007,Caye,Cron,ccronrr@google.ru,Female,163.115.80.18,Chevrolet,Camaro,1997,$200.05
1008,Caye,Cron,ccronrr@google.ru,Female,163.115.80.18,Chevrolet,Camaro,1997,$200.05
1009,Caye,Cron,ccronrr@google.ru,Female,163.115.80.18,Chevrolet,Camaro,1997,$200.05
10010,Caye,Cron,ccronrr@google.ru,Female,163.115.80.18,Chevrolet,Camaro,1997,$200.05
10011,Caye,Cron,ccronrr@google.ru,Female,163.115.80.18,Chevrolet,Camaro,1997,$200.05
10012,Caye,Cron,ccronrr@google.ru,Female,163.115.80.18,Chevrolet,Camaro,1997,$200.05
10013,Caye,Cron,ccronrr@google.ru,Female,163.115.80.18,Chevrolet,Camaro,1997,$200.05
10014,Caye,Cron,ccronrr@google.ru,Female,163.115.80.18,Chevrolet,Camaro,1997,$200.05
10015,Caye,Cron,ccronrr@google.ru,Female,163.115.80.18,Chevrolet,Camaro,1997,$200.05
10016,Caye,Cron,ccronrr@google.ru,Female,163.115.80.18,Chevrolet,Camaro,1997,$200.05
10017,Caye,Cron,ccronrr@google.ru,Female,163.115.80.18,Chevrolet,Camaro,1997,$200.05
10018,Caye,Cron,ccronrr@google.ru,Female,163.115.80.18,Chevrolet,Camaro,1997,$200.05
10019,Caye,Cron,ccronrr@google.ru,Female,163.115.80.18,Chevrolet,Camaro,1997,$200.05
10020,Caye,Cron,ccronrr@google.ru,Female,163.115.80.18,Chevrolet,Camaro,1997,$200.05
10021,Caye,Cron,ccronrr@google.ru,Female,163.115.80.18,Chevrolet,Camaro,1997,$200.05
10022,Caye,Cron,ccronrr@google.ru,Female,163.115.80.18,Chevrolet,Camaro,1997,$200.05
10023,Caye,Cron,ccronrr@google.ru,Female,163.115.80.18,Chevrolet,Camaro,1997,$200.05
10024,Caye,Cron,ccronrr@google.ru,Female,163.115.80.18,Chevrolet,Camaro,1997,$200.05
10025,Caye,Cron,ccronrr@google.ru,Female,163.115.80.18,Chevrolet,Camaro,1997,$200.05
10026,Caye,Cron,ccronrr@google.ru,Female,163.115.80.18,Chevrolet,Camaro,1997,$200.05
10027,Caye,Cron,ccronrr@google.ru,Female,163.115.80.18,Chevrolet,Camaro,1997,$200.05
10028,Caye,Cron,ccronrr@google.ru,Female,163.115.80.18,Chevrolet,Camaro,1997,$200.05
10029,Caye,Cron,ccronrr@google.ru,Female,163.115.80.18,Chevrolet,Camaro,1997,$200.05
10030,Caye,Cron,ccronrr@google.ru,Female,163.115.80.18,Chevrolet,Camaro,1997,$200.05
10031,Caye,Cron,ccronrr@google.ru,Female,163.115.80.18,Chevrolet,Camaro,1997,$200.05
