car_make,car_model,car_year,email,first_name,gender,id,ip_address,last_name,money
Acura,Integra,1994,apatrone63@oracle.com,Aimee,Female,220,64.12.250.25,Patrone,$8870.19
Acura,Legend,1989,bdecleenr1@odnoklassniki.ru,Beatrix,Female,974,42.145.25.107,De Cleen,$1582.85
Acura,Legend,1992,agreaterex3w@slideshare.net,Aarika,Female,141,68.205.210.214,Greaterex,$577.41
Acura,MDX,2003,cclaydenmb@hexun.com,Carrissa,Female,804,169.201.210.130,Clayden,$2786.36
Acura,MDX,2004,cdelcastello43@technorati.com,Candace,Female,148,113.125.250.215,Del Castello,$8768.30
Acura,MDX,2004,ctabert5n@ovh.net,Cammi,Female,204,104.31.198.8,Tabert,$5370.34
Acura,MDX,2011,mmedgewickgd@baidu.com,Mordy,Male,590,165.193.138.108,Medgewick,$9318.63
Acura,NSX,1997,kbaloghm6@oaic.gov.au,Kara-lynn,Female,799,143.148.143.90,Balogh,$4100.84
Acura,RDX,2008,rgreenstockcm@liveinternet.ru,Roberta,Female,455,49.38.31.155,Greenstock,$4101.73
Acura,RL,2007,svowdoncb@twitter.com,Seline,Female,444,148.66.37.70,Vowdon,$3504.49
Acura,TL,2002,ctipple47@pagesperso-orange.fr,Cherlyn,Female,152,33.201.216.34,Tipple,$5023.54
Acura,TL,2005,pecclestonjr@illinois.edu,Patrizio,Male,712,40.6.149.5,Eccleston,$6147.89
Acura,TSX,2008,rspeirsnu@adobe.com,Raquel,Female,859,99.187.255.219,Speirs,$8049.03
Acura,ZDX,2010,aramsted5a@icio.us,Alicia,Female,191,240.107.111.159,Ramsted,$9426.23
Aptera,2e,2009,omulreancj@is.gd,Olympia,Female,452,69.60.230.170,Mulrean,$5704.58
Aston Martin,DB9,2006,ohebnerhg@umn.edu,Ophelia,Female,629,147.219.60.130,Hebner,$485.32
Aston Martin,V8 Vantage S,2011,cnewdickp5@4shared.com,Crawford,Male,906,126.91.74.107,Newdick,$9952.18
Aston Martin,V8 Vantage,2010,dkingscott90@delicious.com,Dalton,Male,325,167.195.121.206,Kingscott,$3092.64
Audi,200,1990,awhottongb@cbslocal.com,Anthe,Female,588,217.155.87.183,Whotton,$6241.70
Audi,4000s Quattro,1986,ksewardee@is.gd,Karoline,Female,519,34.165.20.255,Seward,$3487.31
Audi,5000CS Quattro,1986,btremblotoa@clickbank.net,Berti,Male,875,73.254.154.242,Tremblot,$7833.70
Audi,5000CS Quattro,1986,rbenettolo3k@bbc.co.uk,Renae,Female,129,20.130.234.146,Benettolo,$796.67
Audi,5000CS,1987,jmacklamba@indiatimes.com,Jodie,Male,407,123.119.203.139,Macklam,$3498.93
Audi,5000CS,1988,xstanden72@parallels.com,Xymenes,Male,255,185.73.31.135,Standen,$6091.20
Audi,5000S,1988,ldoreypn@163.com,Liesa,Female,924,209.227.254.58,Dorey,$1313.17
Audi,90,1993,kshearn5v@netscape.com,Kellie,Female,212,255.240.178.66,Shearn,$9257.91
Audi,A3,2010,dschofieldk2@netscape.com,Donna,Female,723,156.171.67.38,Schofield,$6236.41
Audi,A6,2002,urichie1@oakley.com,Upton,Male,2,102.104.55.180,Richie,$597.95
Audi,A8,2008,gspyvyeis@walmart.com,Gearalt,Male,677,224.241.3.226,Spyvye,$7987.28
Audi,Allroad,2004,alayson7g@twitpic.com,Aguste,Male,269,37.133.92.47,Layson,$893.71
Audi,Coupe Quattro,1991,htomasikd6@booking.com,Hodge,Male,475,19.66.224.133,Tomasik,$7431.96
Audi,Q5,2009,acarrolni@tinypic.com,Aguste,Male,847,140.222.24.176,Carrol,$982.32
Audi,Q5,2011,croizn9s@wunderground.com,Coralie,Female,353,12.255.168.221,Roizn,$8033.37
Audi,Quattro,1993,bdearsleyez@skyrock.com,Bernadette,Female,540,41.247.239.46,Dearsley,$712.15
Audi,R8,2012,vpoolbb@globo.com,Virgil,Male,408,238.181.140.241,Pool,$9737.08
Audi,RS 6,2003,kjessardm8@wsj.com,Kim,Female,801,193.55.232.46,Jessard,$8368.46
Audi,RS 6,2003,sbeddoerp@live.com,Susanna,Female,998,146.221.247.210,Beddoe,$8357.96
Audi,RS 6,2003,tarondele5@wiley.com,Thatch,Male,510,248.135.119.138,Arondel,$2552.57
Audi,RS6,2003,kbeslierr@nhs.uk,Kaia,Female,28,200.158.86.46,Beslier,$609.06
Audi,S4,2004,wfranke2e@dell.com,Wilmette,Female,87,202.84.124.78,Franke,$2968.71
Audi,S4,2005,nheijnenei@blinklist.com,Nikki,Male,523,171.244.67.136,Heijnen,$7732.20
Audi,S4,2008,nroxbyms@un.org,Natalina,Female,821,50.49.151.197,Roxby,$6323.16
Audi,S4,2013,slautieic@answers.com,Sayers,Male,661,119.181.41.162,Lautie,$8399.91
Audi,S5,2008,xmathevonr5@xrea.com,Xaviera,Female,978,161.132.134.156,Mathevon,$9909.27
Audi,S5,2011,kmenziesm7@posterous.com,Karlotta,Female,800,132.205.60.255,Menzies,$3140.62
Audi,S5,2012,candreuzzifi@tinyurl.com,Charmion,Female,559,135.218.226.171,Andreuzzi,$4920.92
Audi,S6,2002,ddraiseype@biglobe.ne.jp,Dennie,Male,915,196.151.91.158,Draisey,$6828.57
Audi,S6,2009,swhannel8j@a8.net,Staford,Male,308,147.167.21.61,Whannel,$740.23
Audi,TT,2005,bdowthwaiteko@businessweek.com,Bo,Male,745,141.152.169.46,Dowthwaite,$3417.58
Austin,Mini Cooper,1961,cbonnierl6@bbc.co.uk,Case,Male,763,54.164.20.70,Bonnier,$9853.58
Austin,Mini Cooper,1964,rpinneyht@livejournal.com,Robby,Female,642,178.69.227.35,Pinney,$9614.56
Austin,Mini,1963,cbradbeerfe@moonfruit.com,Corinna,Female,555,181.144.54.17,Bradbeer,$605.97
Bentley,Arnage,2008,gmackeogh7m@mac.com,Gottfried,Male,275,249.0.168.164,MacKeogh,$3189.81
Bentley,Brooklands,2010,ngair5r@house.gov,Noami,Female,208,77.153.188.232,Gair,$1413.83
Bentley,Continental Flying Spur,2011,lbaddeley80@yahoo.co.jp,Lindsay,Male,289,5.193.120.81,Baddeley,$5049.22
Bentley,Continental GTC,2012,nhorribinei3@pcworld.com,Nevins,Male,652,156.129.2.162,Horribine,$5197.91
Bentley,Continental Super,2012,bofogarty91@wix.com,Blair,Male,326,154.126.162.162,O'Fogarty,$7694.35
Bentley,Continental,2009,nbailisspy@mediafire.com,Northrop,Male,935,237.94.100.152,Bailiss,$3550.34
Bentley,Continental,2012,tlongmireng@friendfeed.com,Tab,Male,845,41.241.102.244,Longmire,$2012.70
BMW,3 Series,2005,abiersdy@canalblog.com,Arlette,Female,503,235.67.218.13,Biers,$4364.67
BMW,3 Series,2005,dgheorghied4@domainmarket.com,Dorree,Female,473,97.185.58.227,Gheorghie,$6090.85
BMW,325,2004,qeggerlo@aboutads.info,Quentin,Male,781,29.200.255.153,Egger,$4867.15
BMW,325,2005,tclossqi@samsung.com,Tiffy,Female,955,51.129.127.135,Closs,$7455.13
BMW,5 Series,2004,acounihannc@gizmodo.com,Arnaldo,Male,841,19.219.233.151,Counihan,$8394.66
BMW,5 Series,2008,bplinckbc@t.co,Benedicta,Female,409,107.95.163.75,Plinck,$8181.54
BMW,5 Series,2008,ndennehy17@tinyurl.com,Neall,Male,44,11.170.224.114,Dennehy,$3976.67
BMW,525,2001,jcaveau5o@newsvine.com,Janine,Female,205,80.121.59.193,Caveau,$1578.64
BMW,530,2003,mhannant36@sphinn.com,Myrah,Female,115,121.71.142.239,Hannant,$295.05
BMW,545,2005,drobun5w@cbslocal.com,Darline,Female,213,168.228.98.157,Robun,$9050.57
BMW,6 Series,2005,jloughmanhs@twitter.com,Jeanine,Female,641,1.165.108.5,Loughman,$7567.89
BMW,6 Series,2012,ccastel0@360.cn,Clyde,Male,1,90.69.42.9,Castel,$7522.97
BMW,7 Series,2001,dsloaneom@sun.com,Derrik,Male,887,170.56.21.107,Sloane,$8742.12
BMW,7 Series,2001,mwadhamr0@wisc.edu,Maitilde,Female,973,215.53.150.128,Wadham,$5537.30
BMW,8 Series,1992,qbeecroft7w@ameblo.jp,Quincey,Male,285,49.66.184.124,Beecroft,$9140.30
BMW,M3,2006,mmushrowir@ameblo.jp,Merrily,Female,676,68.107.30.254,Mushrow,$8041.50
BMW,M5,1992,mhalluto7@hexun.com,Melloney,Female,872,170.32.245.135,Hallut,$2910.94
BMW,M5,2000,hprivost1t@google.nl,Herb,Male,66,181.105.170.155,Privost,$5774.10
BMW,M5,2008,tgoodayjg@google.fr,Tirrell,Male,701,192.27.133.76,Gooday,$6600.68
BMW,X3,2004,mbutterlya6@lulu.com,Marshall,Male,367,28.105.18.62,Butterly,$6470.24
BMW,X5 M,2011,kgoodbourn4g@auda.org.au,Ketti,Female,161,60.184.171.44,Goodbourn,$6432.07
BMW,X6 M,2010,mstrongemx@cmu.edu,Margalit,Female,826,64.4.112.5,Stronge,$5728.50
BMW,Z3,1999,lmeldonop@phpbb.com,Leora,Female,890,79.186.157.123,Meldon,$3007.13
BMW,Z4 M Roadster,2009,dfrancklina4@dagondesign.com,Drusi,Female,365,93.129.20.7,Francklin,$6701.33
BMW,Z8,2000,sclaybourne3f@upenn.edu,Sophie,Female,124,197.92.252.146,Claybourne,$737.78
BMW,Z8,2001,jallattlr@statcounter.com,Jacklyn,Female,784,151.105.131.167,Allatt,$4346.94
Bugatti,Veyron,2011,omeakeqb@state.gov,Osborne,Male,948,200.83.149.61,Meake,$6182.12
Buick,Century,1985,rlinggard3x@archive.org,Roseline,Female,142,220.147.216.76,Linggard,$1972.01
Buick,Century,1986,swalderg6@nih.gov,Sollie,Male,583,195.51.183.194,Walder,$7807.89
Buick,Century,1989,educkelss@army.mil,Erna,Female,29,225.51.54.166,Duckels,$8680.38
Buick,Century,1997,bmckearnen10@bloglines.com,Briano,Male,37,207.144.75.234,McKearnen,$7604.99
Buick,Century,2002,kivanitsadt@va.gov,Karney,Male,498,135.62.135.173,Ivanitsa,$2816.91
Buick,Coachbuilder,1990,aswepsond7@goo.gl,Amalia,Female,476,169.159.131.228,Swepson,$1187.65
Buick,Coachbuilder,1990,molliercr@bizjournals.com,Marchall,Male,460,134.71.187.109,Ollier,$8731.18
Buick,Coachbuilder,1994,bbaldassinz@ox.ac.uk,Blake,Male,864,96.110.132.246,Baldassi,$5721.91
Buick,Enclave,2009,sknivetonor@youtube.com,Standford,Male,892,161.118.144.134,Kniveton,$7316.76
Buick,Enclave,2011,enewlovejy@chicagotribune.com,Emma,Female,719,81.39.122.32,Newlove,$5655.94
Buick,Estate,1989,ecrutchley2w@nps.gov,Ezra,Male,105,213.237.102.239,Crutchley,$3014.80
Buick,LaCrosse,2010,asimionj3@chicagotribune.com,Alon,Male,688,139.190.49.16,Simion,$2074.50
Buick,LaCrosse,2010,spetroldk@ucla.edu,Silvia,Female,489,63.225.253.67,Petrol,$8830.69
Buick,LeSabre,1997,bmcgennao@baidu.com,Brigid,Female,385,30.249.206.66,McGenn,$2530.85
Buick,LeSabre,2001,bjoratbf@jimdo.com,Brien,Male,412,23.122.188.31,Jorat,$2696.74
Buick,Lucerne,2010,mgentyip@npr.org,Menard,Male,674,13.233.177.133,Genty,$8864.59
Buick,Park Avenue,1993,lsleepk6@purevolume.com,Lusa,Female,727,228.181.182.49,Sleep,$1174.49
Buick,Park Avenue,1996,rshackletond@facebook.com,Robby,Female,14,201.216.130.169,Shackleton,$3307.89
Buick,Rainier,2004,dduprey6u@webmd.com,Danie,Male,247,50.131.110.97,Duprey,$8600.03
Buick,Rainier,2005,mhubboldeg@etsy.com,Magdaia,Female,521,172.197.147.165,Hubbold,$1604.05
Buick,Reatta,1988,kcarlsonet@amazon.com,Koren,Female,534,44.107.173.172,Carlson,$436.39
Buick,Regal,1986,mcurrin7q@hubpages.com,Madelin,Female,279,38.2.180.26,Currin,$253.02
Buick,Regal,1987,pbaughenk4@joomla.org,Patten,Male,725,70.149.208.72,Baughen,$2001.49
Buick,Regal,1989,fgianullo4s@imgur.com,Fabio,Male,173,100.64.151.72,Gianullo,$7198.11
Buick,Regal,2002,hambrogioniad@themeforest.net,Hermione,Female,374,22.234.196.167,Ambrogioni,$1337.15
Buick,Regal,2003,kpulmandx@vinaora.com,Kareem,Male,502,247.116.175.149,Pulman,$3573.18
Buick,Regal,2012,gmesnard6b@cbslocal.com,Gwenneth,Female,228,252.35.182.93,Mesnard,$8168.80
Buick,Riviera,1992,fkeddy5p@a8.net,Franzen,Male,206,117.149.9.221,Keddy,$7399.13
Buick,Roadmaster,1991,hcalderacu@canalblog.com,Heidi,Female,463,43.217.196.92,Caldera,$87.79
Buick,Skylark,1985,gdeniseau4p@angelfire.com,Guenevere,Female,170,242.240.171.56,Deniseau,$7128.48
Buick,Skylark,1991,dkinworthy1d@cocolog-nifty.com,Dav,Male,50,240.33.39.160,Kinworthy,$5418.65
Cadillac,Catera,1999,sfarmiloeqf@cam.ac.uk,Sibilla,Female,952,61.118.16.54,Farmiloe,$3415.10
Cadillac,CTS,2010,hzannutopo@mashable.com,Hilliard,Male,925,146.53.76.64,Zannuto,$7345.18
Cadillac,CTS,2012,pskamal3b@com.com,Patrice,Male,120,29.165.150.44,Skamal,$9794.43
Cadillac,CTS-V,2009,oliverockev@drupal.org,Othelia,Female,536,61.61.221.148,Liverock,$5952.02
Cadillac,DeVille,1992,sbulpitt4c@apache.org,Shannon,Male,157,96.193.165.56,Bulpitt,$5419.76
Cadillac,DeVille,1992,tbernettepv@engadget.com,Terrel,Male,932,255.154.125.32,Bernette,$9658.02
Cadillac,DeVille,1998,mkarranf6@boston.com,Marje,Female,547,212.204.119.154,Karran,$3789.20
Cadillac,Escalade,2003,agooddaydp@tmall.com,Ab,Male,494,224.170.102.86,Goodday,$8628.24
Cadillac,Seville,2001,bjosskowitzq2@opensource.org,Brynn,Female,939,165.103.236.130,Josskowitz,$7820.30
Cadillac,SRX,2009,jbeatre@cnn.com,Jaimie,Male,987,120.146.99.56,Beat,$2129.81
Cadillac,SRX,2009,kreppbl@fc2.com,Kelila,Female,418,165.8.147.78,Repp,$8817.29
Cadillac,STS-V,2008,dkench6f@wufoo.com,Delano,Male,232,251.55.44.101,Kench,$136.00
Cadillac,XLR,2008,zochiltreez@mapquest.com,Zerk,Male,36,30.135.119.130,Ochiltree,$7315.72
Chevrolet,1500,1992,scampcn@about.me,Sisely,Female,456,86.47.105.248,Camp,$1156.27
Chevrolet,2500,1999,gfantm0@bloglovin.com,Grenville,Male,793,57.8.246.99,Fant,$2644.38
Chevrolet,Astro,1999,dpitchfordp0@oakley.com,Dalia,Female,901,199.56.82.231,Pitchford,$1897.03
Chevrolet,Avalanche 2500,2004,gkennyg0@netvibes.com,Galven,Male,577,82.54.239.110,Kenny,$8939.25
Chevrolet,Avalanche 2500,2005,hhuiep1@sphinn.com,Heriberto,Male,902,181.98.78.58,Huie,$6682.11
Chevrolet,Aveo,2004,ocatonkz@jiathis.com,Oliviero,Male,756,66.202.105.154,Caton,$8654.09
Chevrolet,Aveo,2007,keckhardct@google.com,Kimberly,Female,462,56.35.24.129,Eckhard,$471.54
Chevrolet,Beretta,1992,caffusoqk@wufoo.com,Christian,Male,957,49.46.99.193,Affuso,$8891.94
Chevrolet,Blazer,1992,ywatkinsi7@google.cn,Yance,Male,656,204.184.121.205,Watkins,$4714.34
Chevrolet,Blazer,1995,swordesworthl1@yahoo.com,Sibelle,Female,758,175.255.58.231,Wordesworth,$9916.30
Chevrolet,Blazer,2000,ldoughill9u@php.net,Lucias,Male,355,9.57.112.245,Doughill,$3859.33
Chevrolet,Camaro,1971,rsimenetr2@tripadvisor.com,Rikki,Male,975,25.182.150.218,Simenet,$7732.08
Chevrolet,Camaro,1975,hbernadot54@squarespace.com,Haily,Female,185,11.41.27.9,Bernadot,$9987.66
Chevrolet,Camaro,1985,fcruthz@tmall.com,Foster,Male,648,129.89.103.2,Crut,$9395.13
Chevrolet,Camaro,1994,jconnowku@mail.ru,Janek,Male,751,138.4.86.108,Connow,$6882.56
Chevrolet,Camaro,1997,ccronrr@google.ru,Caye,Female,1000,163.115.80.18,Cron,$200.05
Chevrolet,Cavalier,1992,mphilipardnh@dyndns.org,Myrna,Female,846,110.177.109.237,Philipard,$7764.54
Chevrolet,Cavalier,2000,asomerfield5s@imageshack.us,Archambault,Male,209,47.30.71.247,Somerfield,$9013.13
Chevrolet,Classic,2005,lschallg3@toplist.cz,Launce,Male,580,228.213.219.135,Schall,$5339.31
Chevrolet,Cobalt,2007,vmurfinb5@auda.org.au,Vaclav,Male,402,59.221.72.38,Murfin,$759.07
Chevrolet,Cobalt,2008,coldcroftep@taobao.com,Carlie,Female,530,79.48.232.221,Oldcroft,$5079.60
Chevrolet,Cobalt,2008,opirdy6@wikispaces.com,Otha,Female,7,134.119.25.56,Pirdy,$5488.13
Chevrolet,Cobalt,2010,mspoursl@histats.com,Morton,Male,22,182.254.12.112,Spours,$4683.98
Chevrolet,Colorado,2004,jmayesv@yellowpages.com,Jere,Male,32,161.158.25.70,Mayes,$2628.91
Chevrolet,Colorado,2005,wkingescot7l@google.com.br,Willie,Male,274,160.17.135.133,Kingescot,$5395.64
Chevrolet,Colorado,2008,fparadinegs@redcross.org,Farica,Female,605,65.169.17.222,Paradine,$920.13
Chevrolet,Corsica,1992,mkettowqd@globo.com,Myrilla,Female,950,22.238.254.177,Kettow,$1031.82
Chevrolet,Corvette,1954,rfrape9v@sitemeter.com,Randolph,Male,356,160.137.71.111,Frape,$5025.41
Chevrolet,Corvette,1957,cruffey5t@edublogs.org,Ches,Male,210,79.11.233.52,Ruffey,$3124.75
Chevrolet,Corvette,1973,meayrsp8@theatlantic.com,Mayne,Male,909,125.167.235.147,Eayrs,$3326.51
Chevrolet,Corvette,1992,pgorhardtft@washingtonpost.com,Patsy,Male,570,237.167.105.232,Gorhardt,$4492.56
Chevrolet,Corvette,1995,mscuttj6@altervista.org,Massimo,Male,691,215.36.63.255,Scutt,$9821.42
Chevrolet,Corvette,1997,rtonkinp@t.co,Ronnie,Male,26,120.157.158.78,Tonkin,$1422.68
Chevrolet,Corvette,2005,jquartonmv@cornell.edu,Jard,Male,824,248.33.219.169,Quarton,$4802.67
Chevrolet,Corvette,2009,mminette4v@yolasite.com,Marlow,Male,176,97.184.65.43,Minette,$5962.12
Chevrolet,Express 1500,2004,bathelstannj@newsvine.com,Bo,Male,848,54.238.98.123,Athelstan,$8741.18
Chevrolet,Express 1500,2006,ericcioppoew@tmall.com,Evan,Male,537,33.216.56.145,Riccioppo,$4042.42
Chevrolet,Express 1500,2009,ealesinps@godaddy.com,Ebony,Female,929,146.45.122.102,Alesin,$2390.12
Chevrolet,Express 1500,2011,bbryns1e@yelp.com,Britt,Male,51,247.183.250.197,Bryns,$3385.38
Chevrolet,Express 1500,2012,mbromby6v@csmonitor.com,Milissent,Female,248,201.135.238.199,Bromby,$2382.09
Chevrolet,Express 3500,1997,sdallender4t@constantcontact.com,Salvatore,Male,174,229.52.187.74,Dallender,$2066.03
Chevrolet,Express 3500,1999,btoora@ibm.com,Ben,Male,11,212.90.95.232,Toor,$3400.45
Chevrolet,Express 3500,2010,rpautotki@freewebs.com,Rabbi,Male,739,43.99.76.58,Pautot,$4743.43
Chevrolet,G-Series 1500,1997,ecrabtreeg2@cisco.com,Ev,Male,579,168.252.152.17,Crabtree,$5067.83
Chevrolet,G-Series 2500,1996,tgalloway73@webeden.co.uk,Theodore,Male,256,8.42.38.128,Galloway,$162.09
Chevrolet,G-Series 3500,1998,spashleynx@techcrunch.com,Selma,Female,862,104.167.91.160,Pashley,$430.71
Chevrolet,G-Series G20,1995,vmclaughlanh8@spiegel.de,Valentine,Male,621,222.227.194.228,McLaughlan,$3790.43
Chevrolet,G-Series G30,1996,lricardoted@state.gov,Lira,Female,518,58.107.26.223,Ricardot,$2997.49
Chevrolet,HHR Panel,2006,jbruhkeav@whitehouse.gov,Jillie,Female,392,147.214.30.83,Bruhke,$7029.88
Chevrolet,HHR Panel,2006,rklishin4e@google.it,Romy,Female,159,26.26.88.24,Klishin,$281.11
Chevrolet,Impala SS,1994,cbernardotj2@is.gd,Chev,Male,687,3.117.98.11,Bernardot,$2979.93
Chevrolet,Impala,2012,mmackennyh3@arstechnica.com,Maurita,Female,616,145.102.240.20,MacKenny,$992.19
Chevrolet,Lumina,1993,tpattesall7b@geocities.jp,Tymothy,Male,264,177.127.156.129,Pattesall,$7131.69
Chevrolet,Lumina,1993,vrobertrk@fastcompany.com,Van,Male,993,250.4.109.213,Robert,$8992.02
Chevrolet,Lumina,1994,mbysshe93@usatoday.com,Madelyn,Female,328,223.74.138.59,Bysshe,$9996.20
Chevrolet,Lumina,1995,enewartekf@sohu.com,Esme,Male,736,178.100.240.17,Newarte,$9249.86
Chevrolet,Malibu,2002,cyurchenkom9@ning.com,Cathrin,Female,802,64.14.127.0,Yurchenko,$9301.41
Chevrolet,Malibu,2005,nmcgibbonol@earthlink.net,Noelyn,Female,886,105.184.33.240,McGibbon,$5154.07
Chevrolet,Malibu,2012,kgoundrillf0@reference.com,Kalinda,Female,541,45.163.66.176,Goundrill,$1857.19
Chevrolet,Monte Carlo,1973,imacilhagga78@globo.com,Irvin,Male,261,159.177.239.92,MacIlhagga,$7142.12
Chevrolet,Monte Carlo,1997,sfishbourneo6@booking.com,Susana,Female,871,216.237.75.103,Fishbourne,$2115.27
Chevrolet,Monte Carlo,1999,mruckledge8m@multiply.com,Monica,Female,311,121.83.174.187,Ruckledge,$7732.72
Chevrolet,Prizm,2000,aodyeh@sakura.ne.jp,Alvera,Female,522,33.86.204.207,Ody,$8401.86
Chevrolet,Prizm,2000,dmarcussen4i@histats.com,Dennet,Male,163,35.115.202.150,Marcussen,$2059.73
Chevrolet,Prizm,2001,cabsolemhw@dailymail.co.uk,Corny,Male,645,19.226.157.112,Absolem,$5917.06
Chevrolet,S10 Blazer,1992,piglesiapt@jiathis.com,Pennie,Female,930,193.226.165.22,Iglesia,$4861.26
Chevrolet,S10 Blazer,1993,fdeanesy9z@icq.com,Farica,Female,360,118.86.205.229,De Anesy,$9747.67
Chevrolet,Silverado 1500,1999,bmaclurenv@upenn.edu,Bucky,Male,860,192.163.157.208,MacLure,$1087.29
Chevrolet,Silverado 1500,2005,mgeorgeot7n@stumbleupon.com,Minni,Female,276,97.247.16.64,Georgeot,$8775.10
Chevrolet,Silverado 1500,2007,caireou@cloudflare.com,Cordell,Male,895,121.218.6.173,Aire,$2975.91
Chevrolet,Silverado 3500,2001,llovedayp3@trellian.com,Lodovico,Male,904,206.112.94.65,Loveday,$6432.52
Chevrolet,Silverado 3500,2005,bwyburnl2@mysql.com,Burty,Male,759,20.29.54.219,Wyburn,$3976.95
Chevrolet,Silverado 3500,2007,ywandrackc9@dropbox.com,Yorgo,Male,442,200.120.214.115,Wandrack,$4462.93
Chevrolet,Silverado 3500,2009,gmcgeadyeb@thetimes.co.uk,Giralda,Female,516,1.158.164.255,McGeady,$9264.59
Chevrolet,Silverado,2010,rmacpike7v@is.gd,Rutter,Male,284,221.158.78.64,MacPike,$5641.04
Chevrolet,Sportvan G20,1993,lkrolmanas@smh.com.au,Lek,Male,389,81.236.58.193,Krolman,$8842.67
Chevrolet,Suburban 1500,1996,dbum59@delicious.com,Derril,Male,190,201.86.52.158,Bum,$316.17
Chevrolet,Suburban 1500,1996,kescoffiernd@theguardian.com,Kylie,Male,842,136.210.75.124,Escoffier,$5985.32
Chevrolet,Suburban 1500,1997,lmatyushenko2x@hp.com,Lyon,Male,106,17.155.148.88,Matyushenko,$8476.54
Chevrolet,Suburban 1500,2002,lsandefordm4@kickstarter.com,Lennie,Male,797,158.184.75.106,Sandeford,$597.80
Chevrolet,Suburban 1500,2006,ppyrtonf7@noaa.gov,Pierrette,Female,548,135.207.73.20,Pyrton,$177.70
Chevrolet,Suburban 1500,2008,trickcord5m@cmu.edu,Tobin,Male,203,98.48.152.170,Rickcord,$5083.42
Chevrolet,Suburban 2500,1994,hjoostjd@wikia.com,Heall,Male,698,15.232.220.230,Joost,$1150.76
Chevrolet,Suburban 2500,2000,saspeyk8@state.gov,Sargent,Male,729,223.88.31.4,Aspey,$37.16
Chevrolet,Suburban 2500,2002,adiesaz@icq.com,Abner,Male,396,85.109.132.119,Dies,$9393.13
Chevrolet,Suburban,2007,ldansieer@google.de,Lethia,Female,532,58.216.19.84,Dansie,$8058.73
Chevrolet,Tahoe,2001,wyeajl@geocities.jp,Wallie,Male,706,143.87.17.83,Yea,$9049.84
Chevrolet,Tahoe,2004,kfranck61@sina.com.cn,Keeley,Female,218,104.105.59.122,Franck,$1442.08
Chevrolet,Tahoe,2010,syendle39@google.co.jp,Stefan,Male,118,196.220.201.183,Yendle,$1842.70
Chevrolet,TrailBlazer,2002,abarabichdn@twitpic.com,Andy,Male,492,235.132.165.195,Barabich,$2339.89
Chevrolet,Uplander,2007,rpluthero8a@zimbio.com,Rosabella,Female,299,33.4.157.15,Pluthero,$4692.19
Chevrolet,Volt,2011,twisdish1z@blogs.com,Thayne,Male,72,78.136.1.248,Wisdish,$8560.05
Chrysler,300,1999,jscrace2y@ow.ly,Jason,Male,107,87.54.36.22,Scrace,$1155.42
Chrysler,300,2011,gtebbe1f@engadget.com,Glynda,Female,52,122.58.121.97,Tebbe,$8144.75
Chrysler,300C,2005,nsuche7@google.es,Nil,Male,512,197.32.31.92,Such,$3967.83
Chrysler,300M,1999,acraddockl4@nps.gov,Augusta,Female,761,75.129.193.195,Craddock,$1954.26
Chrysler,Cirrus,1998,jdomineykh@lycos.com,Jordan,Female,738,173.230.98.213,Dominey,$8304.91
Chrysler,Cirrus,1998,mmidson64@chicagotribune.com,Malorie,Female,221,17.196.66.145,Midson,$4327.69
Chrysler,Concorde,1993,iparfittj9@mail.ru,Ignazio,Male,694,129.179.27.47,Parfitt,$2585.14
Chrysler,Crossfire Roadster,2006,wkilmurraya5@theglobeandmail.com,Wallis,Male,366,38.180.231.228,Kilmurray,$7402.50
Chrysler,Pacifica,2005,aleyrroyd2z@4shared.com,Audre,Female,108,179.137.5.131,Leyrroyd,$5035.33
Chrysler,PT Cruiser,2007,wnellenc2@de.vu,Wynne,Female,435,105.170.74.202,Nellen,$7272.91
Chrysler,Sebring,1997,dcorrinqu@behance.net,Dorice,Female,967,183.196.212.33,Corrin,$4739.72
Chrysler,Sebring,1997,gguerreaumh@comcast.net,Grover,Male,810,62.122.52.188,Guerreau,$7980.50
Chrysler,Sebring,2000,jcalderonpp@youku.com,Jase,Male,926,208.208.88.163,Calderon,$5498.41
Chrysler,Sebring,2007,gbaskeyfiedmz@dropbox.com,Gwenneth,Female,828,6.35.76.140,Baskeyfied,$5927.32
Chrysler,Sebring,2010,baykroyd6k@indiatimes.com,Betty,Female,237,223.241.27.23,Aykroyd,$8054.05
Chrysler,Sebring,2010,vmenzies8b@wikia.com,Virgil,Male,300,234.114.81.52,Menzies,$2463.43
Chrysler,Town & Country,1998,gbrendishc1@tumblr.com,Gabriellia,Female,434,72.33.127.201,Brendish,$6829.07
Chrysler,Town & Country,2006,hmussilli7d@yale.edu,Herta,Female,266,121.106.137.216,Mussilli,$4231.65
Chrysler,Town & Country,2010,cmertel4l@edublogs.org,Chic,Male,166,236.232.255.170,Mertel,$7598.74
Chrysler,Town & Country,2010,mclavey35@virginia.edu,Mary,Female,114,54.40.151.64,Clavey,$4730.52
Chrysler,Voyager,2000,akenforthje@psu.edu,Aida,Female,699,54.222.148.240,Kenforth,$7580.66
CitroÃ«n,2CV,1948,tbirchenoughpz@hud.gov,Thom,Male,936,254.26.249.192,Birchenough,$1284.98
Daewoo,Lanos,2001,tdimock3n@opera.com,Tremaine,Male,132,244.56.202.237,Dimock,$2008.37
Daewoo,Leganza,2000,cdiblejb@wunderground.com,Cleavland,Male,696,120.71.60.166,Dible,$909.50
Daewoo,Nubira,2000,jdrewf3@delicious.com,Jase,Male,544,83.11.223.92,Drew,$7046.27
Daewoo,Nubira,2002,bbellew40@dropbox.com,Bartholomeus,Male,145,96.199.121.188,Bellew,$4612.22
Dodge,Caliber,2008,sosbandg5@arstechnica.com,Sasha,Male,582,21.79.33.173,Osband,$427.67
Dodge,Caliber,2010,lsowerbynp@instagram.com,Layne,Female,854,60.166.82.107,Sowerby,$3374.64
Dodge,Caravan,1985,eguerrieroox@sun.com,Erich,Male,898,58.239.101.118,Guerriero,$2955.06
Dodge,Caravan,1985,hverner9c@elpais.com,Hyacinthie,Female,337,218.45.92.197,Verner,$1571.20
Dodge,Caravan,1994,bshurmerih@admin.ch,Becka,Female,666,168.121.131.186,Shurmer,$2937.59
Dodge,Caravan,1999,erobez74@123-reg.co.uk,Eddy,Male,257,83.159.129.9,Robez,$8748.74
Dodge,Caravan,2001,mlearmounte8@wp.com,Marina,Female,513,240.207.253.172,Learmount,$3575.06
Dodge,Caravan,2003,dballancepi@sitemeter.com,Durante,Male,919,80.122.38.28,Ballance,$1717.11
Dodge,Caravan,2006,jslany9q@about.me,Julina,Female,351,15.172.6.241,Slany,$1013.84
Dodge,Dakota Club,1995,pgouley86@nytimes.com,Pace,Male,295,164.243.127.126,Gouley,$397.03
Dodge,Dakota Club,1996,astacymn@jiathis.com,Abramo,Male,816,165.202.64.163,Stacy,$439.83
Dodge,Dakota Club,1997,ahedger50@imdb.com,Alla,Female,181,89.229.218.173,Hedger,$2186.40
Dodge,Dakota Club,2001,svardon23@house.gov,Shandy,Female,76,106.123.176.113,Vardon,$2641.93
Dodge,Dakota,1996,bmccarroll67@lycos.com,Bernette,Female,224,71.119.155.93,Mc Carroll,$4843.74
Dodge,Dakota,1999,rciobotaruax@over-blog.com,Rozella,Female,394,20.202.24.25,Ciobotaru,$1900.39
Dodge,Dakota,2007,cdeverson79@simplemachines.org,Clim,Male,262,198.146.202.64,Deverson,$782.51
Dodge,Dakota,2007,mtwinnna@de.vu,Moira,Female,839,216.109.236.107,Twinn,$3635.62
Dodge,Dakota,2007,wwhimper9f@themeforest.net,Willis,Male,340,49.47.77.75,Whimper,$9306.68
Dodge,Intrepid,2001,lcramerrf@ucoz.com,Lynnet,Female,988,21.182.113.54,Cramer,$4573.16
Dodge,Ram 1500 Club,2001,aokenfoldod@harvard.edu,Ade,Male,878,96.104.73.195,Okenfold,$9556.10
Dodge,Ram 1500,1995,dkleinschmidt1i@technorati.com,Dennis,Male,55,163.244.116.14,Kleinschmidt,$2663.36
Dodge,Ram 1500,2003,jschuck28@blogger.com,Jeromy,Male,81,145.77.93.43,Schuck,$4910.94
Dodge,Ram 2500 Club,1997,zfripplk@multiply.com,Zeke,Male,777,158.35.95.16,Fripp,$2569.69
Dodge,Ram 2500 Club,1999,chamblynli@yolasite.com,Cicely,Female,775,59.237.104.30,Hamblyn,$6597.24
Dodge,Ram 2500,1994,ahuggan57@seesaa.net,Alyosha,Male,188,68.131.162.120,Huggan,$1735.38
Dodge,Ram 2500,2000,mbittlesonh0@redcross.org,Marion,Male,613,234.89.36.1,Bittleson,$3226.06
Dodge,Ram 2500,2000,rmayoqp@dailymail.co.uk,Rockey,Male,962,112.71.242.134,Mayo,$6804.75
Dodge,Ram 2500,2003,aeccersleyff@indiegogo.com,Alwin,Male,556,36.64.176.201,Eccersley,$9386.31
Dodge,Ram 3500 Club,1995,ocharlwooda1@unicef.org,Opaline,Female,362,42.164.134.100,Charlwood,$8982.09
Dodge,Ram Van 1500,2003,sglascott8h@topsy.com,Sher,Female,306,90.234.246.161,Glascott,$6448.93
Dodge,Ram Van 2500,1996,dgreydonk0@disqus.com,Daveen,Female,721,173.224.120.75,Greydon,$1639.47
Dodge,Ram Van 2500,2001,dgatelyaj@bloomberg.com,Dimitry,Male,380,116.229.99.58,Gately,$8923.56
Dodge,Ram Van 3500,1996,ddunbobbin2p@163.com,Delphine,Female,98,16.83.71.4,Dunbobbin,$5768.48
Dodge,Ram Van 3500,1998,ebullerlf@xinhuanet.com,Ernaline,Female,772,20.45.189.28,Buller,$2019.17
Dodge,Ram Van B250,1994,tfellgate3d@wufoo.com,Thomasina,Female,122,213.155.38.252,Fellgate,$9421.15
Dodge,Ram Wagon B150,1993,swelds70@princeton.edu,Stevie,Male,253,78.3.44.138,Welds,$8912.75
Dodge,Ram Wagon B250,1992,jgrinstonqx@ca.gov,Jamill,Male,970,82.224.214.119,Grinston,$352.34
Dodge,Ram Wagon B250,1993,rholcroftp9@cnbc.com,Rodina,Female,910,62.79.167.127,Holcroft,$7055.84
Dodge,Ram,2007,kfridayne@europa.eu,Karlik,Male,843,197.228.139.39,Friday,$723.92
Dodge,Ram,2011,jguyerau@mozilla.org,Janaye,Female,391,98.245.111.186,Guyer,$8706.98
Dodge,Sprinter,2006,gciubutarokr@myspace.com,Gualterio,Male,748,38.54.213.200,Ciubutaro,$3076.33
Dodge,Stealth,1992,romond7s@w3.org,Rawley,Male,281,10.8.132.204,Omond,$9176.42
Dodge,Stealth,1994,deldenbd@narod.ru,Davon,Male,410,188.60.254.19,Elden,$5029.84
Eagle,Summit,1992,abootes7a@spiegel.de,Astra,Female,263,17.203.145.94,Bootes,$9385.02
Eagle,Summit,1992,pshewen66@smh.com.au,Patty,Male,223,105.156.94.169,Shewen,$1220.54
Eagle,Talon,1997,chairsnapef8@hugedomains.com,Casi,Female,549,55.46.199.5,Hairsnape,$9643.91
Eagle,Talon,1997,ebramichrj@eepurl.com,Everard,Male,992,9.184.139.8,Bramich,$2005.79
Fairthorpe,Rockette,1960,fneising1v@tiny.cc,Falito,Male,68,222.88.90.53,Neising,$8504.46
Ferrari,458 Italia,2010,sdanielli6y@pinterest.com,Sydelle,Female,251,25.174.36.235,Danielli,$6849.67
Ferrari,458 Italia,2012,hrosboroughhy@scientificamerican.com,Hasty,Male,647,61.209.220.216,Rosborough,$6887.96
Ferrari,599 GTB Fiorano,2008,nmortimerah@thetimes.co.uk,Noll,Male,378,61.190.171.63,Mortimer,$6485.00
Ferrari,F430,2008,mbenardeta2@com.com,Maia,Female,363,157.109.159.130,Benardet,$784.60
Ferrari,FF,2012,rtrengroveo@reverbnation.com,Rustin,Male,25,104.245.84.254,Trengrove,$4372.47
Fiat,500,2012,statam5e@arstechnica.com,Sammie,Male,195,33.114.151.73,Tatam,$5107.95
Ford,Aerostar,1989,mdowthwaitenk@wp.com,Mallory,Male,849,184.209.253.97,Dowthwaite,$1221.92
Ford,Aerostar,1995,wnewbynr@etsy.com,Will,Male,856,218.184.56.12,Newby,$3251.13
Ford,Aspire,1994,jstuttmanay@huffingtonpost.com,Janeczka,Female,395,125.179.1.194,Stuttman,$8996.62
Ford,Bronco II,1987,sferbyoz@tinypic.com,Salem,Male,900,227.228.161.76,Ferby,$4534.52
Ford,Bronco II,1988,cmckennarl@wufoo.com,Curtis,Male,994,143.23.162.183,McKenna,$7873.56
Ford,Bronco II,1989,dprayerk3@nps.gov,Darby,Male,724,142.38.161.174,Prayer,$9693.44
Ford,Bronco,1985,ahaggata3r@netscape.com,Albertina,Female,136,176.201.18.141,Haggata,$4044.69
Ford,Bronco,1987,fchesterfieldbn@devhub.com,Fabe,Male,420,61.84.204.226,Chesterfield,$7059.10
Ford,Bronco,1991,bgommesab@yellowpages.com,Becka,Female,372,72.2.240.123,Gommes,$5041.06
Ford,Bronco,1995,tarzu2m@google.it,Teddy,Female,95,102.247.111.114,Arzu,$1728.86
Ford,C-MAX Hybrid,2013,scressard3@ebay.co.uk,Sarge,Male,472,236.38.105.255,Cressar,$1881.72
Ford,Club Wagon,1995,nwoolhousek5@infoseek.co.jp,Nerti,Female,726,101.172.214.23,Woolhouse,$8807.20
Ford,E-350 Super Duty,2006,cloffelji@i2i.jp,Chery,Female,703,132.106.84.181,Loffel,$4475.09
Ford,E-Series,1963,cgrimmettbh@google.de,Charlot,Female,414,42.137.106.234,Grimmett,$7465.43
Ford,E-Series,1986,hhelstripob@paginegialle.it,Hector,Male,876,253.101.28.5,Helstrip,$6607.88
Ford,E-Series,1989,bbims3u@narod.ru,Brendon,Male,139,62.175.236.242,Bims,$9222.53
Ford,E-Series,1989,ebenettologa@vk.com,Elene,Female,587,60.231.160.255,Benettolo,$9473.76
Ford,E-Series,1993,sdowningpw@deviantart.com,Sidonia,Female,933,35.25.242.170,Downing,$226.27
Ford,E-Series,2004,nsteptowed2@tiny.cc,Neville,Male,471,39.17.148.91,Steptowe,$9930.97
Ford,E-Series,2005,csherville8n@sina.com.cn,Coral,Female,312,56.108.173.177,Sherville,$8161.43
Ford,E150,2005,vvanleijsk9@miitbeian.gov.cn,Vita,Female,730,250.127.245.186,Van Leijs,$2120.32
Ford,E150,2010,omcilennaik@hao123.com,Othella,Female,669,225.247.219.216,McIlenna,$1056.36
Ford,E350,2010,myeiles26@hud.gov,Marcia,Female,79,193.174.154.63,Yeiles,$4868.74
Ford,Econoline E150,1998,porford9g@mediafire.com,Peyter,Male,341,61.245.147.18,Orford,$8127.53
Ford,Econoline E250,1995,dcostock2c@earthlink.net,Dukey,Male,85,217.21.65.108,Costock,$781.84
Ford,Econoline E250,1996,xblakeleypk@cdc.gov,Xever,Male,921,92.206.225.54,Blakeley,$3478.05
Ford,Econoline E250,1997,gridolfi97@forbes.com,Gavin,Male,332,135.89.112.213,Ridolfi,$57.71
Ford,Econoline E250,1997,ogozzard8c@samsung.com,Osbourn,Male,301,108.134.243.178,Gozzard,$5027.04
Ford,Econoline E350,1994,zwippermann2s@hud.gov,Zeke,Male,101,189.150.246.110,Wippermann,$622.30
Ford,Econoline E350,1998,rhadlow1b@yellowpages.com,Revkah,Female,48,27.36.182.165,Hadlow,$2688.39
Ford,Escape,2009,gosipenkodm@hc360.com,Galina,Female,491,197.243.223.205,Osipenko,$2601.90
Ford,Escort,1984,smattecot5g@telegraph.co.uk,Shari,Female,197,27.227.253.88,Mattecot,$2586.70
Ford,Escort,1985,rrayson7r@statcounter.com,Ronnica,Female,280,252.109.131.114,Rayson,$5476.46
Ford,Expedition EL,2007,coriordanb0@gravatar.com,Cherlyn,Female,397,50.91.33.40,O'Riordan,$651.26
Ford,Expedition,2006,edanielypb@nsw.gov.au,Elyse,Female,912,56.104.159.161,Daniely,$2118.57
Ford,Expedition,2010,thakonsson19@cnn.com,Tammie,Female,46,1.81.107.160,Hakonsson,$7262.15
Ford,Explorer Sport Trac,2002,lhryskiewiczjp@ow.ly,Larisa,Female,710,129.37.123.122,Hryskiewicz,$7671.16
Ford,Explorer Sport Trac,2008,ncaskeyi0@geocities.jp,Nataline,Female,649,230.175.190.37,Caskey,$7932.19
Ford,Explorer Sport Trac,2010,dgreenawayme@globo.com,Deerdre,Female,807,117.78.229.85,Greenaway,$3381.47
Ford,F-350 Super Duty,2006,wbrydone4@alibaba.com,Weider,Male,5,165.243.231.201,Brydone,$4763.96
Ford,F-Series,1990,droust2g@last.fm,Dannie,Female,89,221.247.212.102,Roust,$8601.93
Ford,F-Series,1997,firvingjx@sina.com.cn,Filip,Male,718,60.103.166.18,Irving,$8067.05
Ford,F-Series,2002,thickeringillhi@statcounter.com,Tess,Female,631,123.233.139.54,Hickeringill,$2706.36
Ford,F-Series,2008,mcolquittpj@vkontakte.ru,Mora,Female,920,87.51.164.19,Colquitt,$4479.62
Ford,F150,2005,denrricoof@ucsd.edu,Doralyn,Female,880,102.108.235.231,Enrrico,$1579.73
Ford,F150,2009,tburfootiv@vistaprint.com,Tomi,Female,680,102.239.20.127,Burfoot,$5109.64
Ford,F150,2011,bjovasevices@technorati.com,Byrann,Male,533,140.23.20.141,Jovasevic,$459.71
Ford,F250,1996,borhtmannbj@squidoo.com,Berkeley,Male,416,123.149.146.24,Orhtmann,$5713.42
Ford,F250,2002,mcarragherex@hexun.com,Marin,Female,538,104.119.230.110,Carragher,$8627.01
Ford,F350,2005,rcassidy1a@census.gov,Ric,Male,47,70.1.1.49,Cassidy,$1080.14
Ford,Fiesta,2011,tdowearsmc@360.cn,Town,Male,805,50.35.128.87,Dowears,$6750.09
Ford,Fiesta,2012,hdallmanj0@phpbb.com,Hermy,Male,685,28.106.81.158,Dallman,$6153.55
Ford,Five Hundred,2007,pgauleqe@shop-pro.jp,Pippa,Female,951,20.199.76.173,Gaule,$4583.40
Ford,Focus,2005,achessern2@eepurl.com,Axel,Male,831,54.177.122.44,Chesser,$2044.71
Ford,Freestar,2006,lgreesoneo@redcross.org,Lindsey,Male,529,179.96.56.114,Greeson,$5227.86
Ford,Freestar,2007,gbitchenof@pcworld.com,Georgeanne,Female,16,55.79.21.207,Bitcheno,$7673.55
Ford,Fusion,2011,wsindle76@wsj.com,Woodrow,Male,259,203.218.12.188,Sindle,$5806.48
Ford,GT,2006,eprobackjt@uiuc.edu,Ethan,Male,714,205.191.59.3,Proback,$6312.58
Ford,Laser,1985,bjurkiewiczmr@odnoklassniki.ru,Bert,Male,820,246.81.187.52,Jurkiewicz,$2665.98
Ford,Laser,1986,mnystromi4@independent.co.uk,Mariana,Female,653,126.244.105.188,Nystrom,$5462.16
Ford,Laser,1987,grenharddo@tamu.edu,Gregg,Male,493,209.69.153.37,Renhard,$4240.50
Ford,Laser,1988,mchanders4f@who.int,Moses,Male,160,147.252.126.163,Chanders,$9316.49
Ford,LTD Crown Victoria,1987,bplanks87@macromedia.com,Brandy,Male,296,187.147.168.78,Planks,$1184.30
Ford,LTD Crown Victoria,1989,cvasishchev60@xinhuanet.com,Courtnay,Female,217,80.193.151.57,Vasishchev,$4954.81
Ford,LTD Crown Victoria,1989,zcritchardjw@stumbleupon.com,Zulema,Female,717,14.217.10.46,Critchard,$580.04
Ford,LTD,1984,epadgham6d@macromedia.com,Erny,Male,230,135.158.230.48,Padgham,$9060.08
Ford,Mustang,1964,agherarducciky@storify.com,Alanson,Male,755,114.49.224.163,Gherarducci,$1608.63
Ford,Mustang,1986,escotford37@businessinsider.com,Elspeth,Female,116,241.141.61.101,Scotford,$5681.26
Ford,Probe,1991,kkellart3c@miibeian.gov.cn,Kennan,Male,121,112.106.171.137,Kellart,$7670.85
Ford,Probe,1993,mwilloughby45@wikia.com,Mickey,Male,150,112.53.239.172,Willoughby,$9180.73
Ford,Ranger,1985,lkynettrc@cdc.gov,Lilly,Female,985,100.42.14.219,Kynett,$6147.16
Ford,Ranger,2006,mlydonn7@goo.gl,Markus,Male,836,147.245.132.115,Lydon,$5796.98
Ford,Taurus,2001,slauderap@unicef.org,Suzi,Female,386,173.101.219.246,Lauder,$7464.91
Ford,Tempo,1991,mharkinsbt@craigslist.org,Meg,Female,426,185.5.217.28,Harkins,$7679.28
Ford,Thunderbird,1985,ihabberjam7u@jimdo.com,Ilene,Female,283,223.44.9.126,Habberjam,$7817.00
Ford,Thunderbird,1989,ssolanra@rakuten.co.jp,Salvador,Male,983,171.79.28.89,Solan,$6162.10
Ford,Thunderbird,1997,belsworthrn@ucla.edu,Bear,Male,996,57.45.244.197,Elsworth,$3602.79
Ford,Thunderbird,1997,iseathro@yandex.ru,Ingemar,Male,997,211.219.177.41,Seath,$2635.87
Ford,Thunderbird,2005,erylandgo@about.me,Emanuele,Male,601,182.223.160.20,Ryland,$3601.23
Geo,Prizm,1993,amahoneyb7@craigslist.org,Andrus,Male,404,1.141.16.33,Mahoney,$1859.90
GMC,1500 Club Coupe,1992,msilvestonea@apple.com,Malcolm,Male,515,32.92.168.79,Silveston,$8483.17
GMC,1500 Club Coupe,1993,eflaxman1g@people.com.cn,Enrichetta,Female,53,44.182.157.23,Flaxman,$2098.19
GMC,1500 Club Coupe,1995,bvalentetticd@cbsnews.com,Barnebas,Male,446,10.67.170.157,Valentetti,$9476.25
GMC,2500 Club Coupe,1993,jrainbirdb3@cnet.com,Jan,Female,400,147.175.140.65,Rainbird,$9973.93
GMC,2500,1995,nriepeloc@eventbrite.com,Natal,Male,877,110.19.117.53,Riepel,$7299.61
GMC,2500,1996,lbodicamks@dyndns.org,Lissy,Female,749,56.51.186.63,Bodicam,$7148.55
GMC,3500,1994,kfranzettoini44@soundcloud.com,Kari,Female,149,230.25.232.2,Franzettoini,$2967.59
GMC,3500,1999,ncomiskey6c@blogger.com,Niven,Male,229,211.238.149.251,Comiskey,$3899.28
GMC,Canyon,2004,cmuslimag@4shared.com,Cassandry,Female,377,64.212.75.220,Muslim,$4412.75
GMC,Canyon,2007,mbrumfb@delicious.com,Minda,Female,552,115.176.69.166,Brum,$6982.55
GMC,Envoy XL,2002,amarzelomq@earthlink.net,Alfy,Male,819,7.202.165.81,Marzelo,$9404.16
GMC,Envoy XL,2005,bgiacobiliobm@whitehouse.gov,Byrann,Male,419,50.40.151.32,Giacobilio,$9795.43
GMC,Envoy,2003,gkivits2j@fastcompany.com,Germain,Male,92,221.129.199.39,Kivits,$7061.79
GMC,Envoy,2004,jfishlyfk@princeton.edu,Janelle,Female,561,111.24.229.181,Fishly,$1166.30
GMC,Jimmy,1997,stomaskovn9@printfriendly.com,Sheelah,Female,838,87.142.217.89,Tomaskov,$4637.32
GMC,Rally Wagon 1500,1992,epancastlj@discovery.com,El,Male,776,30.4.164.112,Pancast,$1978.09
GMC,Rally Wagon 3500,1993,ajoutapaitisk@gnu.org,Avrit,Female,21,191.241.58.98,Joutapaitis,$5421.17
GMC,Rally Wagon 3500,1994,mdobbynbo@virginia.edu,Mahmud,Male,421,112.191.137.242,Dobbyn,$2474.20
GMC,Safari,1997,kjerokfz@twitpic.com,Ky,Male,576,133.156.10.68,Jerok,$576.07
GMC,Safari,1997,tpachtaf5@webnode.com,Thia,Female,546,126.230.128.121,Pachta,$2612.77
GMC,Safari,2001,hjamrowiczkw@xrea.com,Harmon,Male,753,92.141.180.168,Jamrowicz,$8638.71
GMC,Savana 1500,2003,tmattecot29@tinyurl.com,Taddeo,Male,82,47.234.168.162,Mattecot,$7766.01
GMC,Savana 2500,2002,ydudgeone4@abc.net.au,Yehudi,Male,509,99.221.89.172,Dudgeon,$1067.33
GMC,Savana 3500,2008,nhubatsch8s@qq.com,Naomi,Female,317,30.191.57.3,Hubatsch,$4045.36
GMC,Savana 3500,2012,pnewcomec8@topsy.com,Percival,Male,441,250.63.183.45,Newcome,$2604.64
GMC,Sierra 1500,1999,mainscowh4@usda.gov,Marci,Female,617,145.153.6.18,Ainscow,$24.43
GMC,Sierra 1500,2001,lpapesgz@ameblo.jp,Lucinda,Female,612,83.72.14.28,Papes,$6990.63
GMC,Sierra 1500,2002,mmurfill9l@facebook.com,Melly,Female,346,195.112.81.67,Murfill,$9805.79
GMC,Sierra 1500,2003,fmacgaffeyh1@digg.com,Federico,Male,614,104.192.218.58,MacGaffey,$4390.19
GMC,Sierra 1500,2009,fproppers16@cocolog-nifty.com,Farr,Male,43,207.90.250.167,Proppers,$7108.60
GMC,Sierra 1500,2012,wtromandj@patch.com,Willyt,Female,488,60.41.250.125,Troman,$4009.72
GMC,Sierra 3500,2003,flappingmf@bing.com,Fannie,Female,808,89.37.133.107,Lapping,$6722.21
GMC,Sierra 3500,2005,hdoggartec@baidu.com,Helen-elizabeth,Female,517,211.108.130.33,Doggart,$4307.23
GMC,Sierra 3500,2006,rbabington7@diigo.com,Reube,Male,8,40.134.153.184,Babington,$7438.91
GMC,Sierra,2012,sduganbu@amazon.co.uk,Sanders,Male,427,242.102.2.12,Dugan,$2459.40
GMC,Sonoma,1996,pgouldingq6@cloudflare.com,Pate,Male,943,217.19.152.240,Goulding,$5044.82
GMC,Sonoma,2001,rgething84@domainmarket.com,Rosabella,Female,293,41.158.146.245,Gething,$9222.01
GMC,Suburban 1500,1996,lbellwardkd@newsvine.com,Loleta,Female,734,9.19.211.15,Bellward,$4542.15
GMC,Suburban 1500,1999,wpattenden1s@shutterfly.com,Winna,Female,65,193.86.220.145,Pattenden,$9889.87
GMC,Vandura 1500,1994,pdunstonek@tripod.com,Pancho,Male,525,140.177.149.100,Dunston,$4922.38
GMC,Vandura G1500,1995,rcostadg@gnu.org,Rosabella,Female,485,29.99.88.190,Costa,$8374.03
GMC,Vandura G3500,1996,lgeaneyjc@intel.com,Lefty,Male,697,83.131.81.238,Geaney,$2932.64
GMC,Yukon XL 1500,2004,nfreckelton3t@mozilla.org,Nicholas,Male,138,96.218.144.244,Freckelton,$1318.97
GMC,Yukon XL 2500,2005,dawcoateia@ow.ly,Donalt,Male,659,16.100.83.26,Awcoate,$4041.54
GMC,Yukon XL 2500,2008,kbalkefm@noaa.gov,Kirk,Male,563,147.23.90.139,Balke,$7464.12
GMC,Yukon XL,2006,craccioqn@devhub.com,Carr,Male,960,194.37.136.156,Raccio,$4082.55
GMC,Yukon,1997,tfitzpaynml@yellowbook.com,Torrie,Female,814,190.224.38.133,Fitzpayn,$5712.79
GMC,Yukon,2009,bmckitterickho@foxnews.com,Burk,Male,637,98.140.94.145,McKitterick,$8146.12
GMC,Yukon,2013,mguitt1n@i2i.jp,Myrtie,Female,60,27.63.100.118,Guitt,$8750.22
Holden,Monaro,2004,jzanollipl@abc.net.au,Jocko,Male,922,192.5.32.250,Zanolli,$3127.36
Holden,Monaro,2004,mdobbinson11@gnu.org,Merrill,Male,38,25.183.22.19,Dobbinson,$5742.81
Holden,VS Commodore,1996,mingrahamly@rakuten.co.jp,Mikol,Male,791,36.44.109.65,Ingraham,$6779.85
Honda,Accord,1996,rmacrinn3q@live.com,Ranna,Female,135,19.1.26.221,MacRinn,$1982.25
Honda,Accord,2009,fcashfl@cyberchimps.com,Ferguson,Male,562,254.122.30.164,Cash,$7642.15
Honda,Accord,2012,saugurg@livejournal.com,Skylar,Male,17,177.121.54.245,Augur,$8979.24
Honda,Civic,1992,swhebell2b@cbslocal.com,Stewart,Male,84,158.52.179.46,Whebell,$6330.60
Honda,Civic,2003,mgledhall4w@nationalgeographic.com,Maxim,Male,177,183.128.102.197,Gledhall,$5352.01
Honda,Civic,2007,nisacoff8g@hostgator.com,Norman,Male,305,119.243.244.113,Isacoff,$1200.50
Honda,CR-V,1999,ereignouldp7@phoca.cz,Evania,Female,908,83.248.69.147,Reignould,$8532.26
Honda,CR-V,2000,cbetjemandf@typepad.com,Coleman,Male,484,131.91.216.107,Betjeman,$4726.12
Honda,CR-V,2007,ajindrak8@omniture.com,Aurthur,Male,9,12.166.182.114,Jindrak,$6649.83
Honda,CR-V,2012,jelsworthhe@desdev.cn,Joly,Female,627,214.147.109.162,Elsworth,$8083.30
Honda,del Sol,1993,lhalston9j@delicious.com,Lina,Female,344,68.14.30.132,Halston,$7782.08
Honda,FCX Clarity,2012,wharding6x@washington.edu,Winnie,Female,250,131.126.26.32,Harding,$3335.43
Honda,Fit,2008,enisiushl@seesaa.net,Erhart,Male,634,33.117.112.251,Nisius,$1925.49
Honda,Fit,2011,rbaston1x@twitter.com,Reamonn,Male,70,201.9.171.237,Baston,$4337.85
Honda,Insight,2004,lwillisch2h@xinhuanet.com,Laina,Female,90,176.44.91.54,Willisch,$3116.01
Honda,Odyssey,2001,dhaythorngp@msn.com,Dalston,Male,602,147.227.5.58,Haythorn,$7918.46
Honda,Odyssey,2005,fpregal2a@techcrunch.com,Freddie,Male,83,227.49.88.139,Pregal,$8664.08
Honda,Pilot,2004,ctigwella8@blogs.com,Chester,Male,369,110.159.163.72,Tigwell,$215.83
Honda,Prelude,1984,bwaller42@senate.gov,Bank,Male,147,205.145.76.133,Waller,$2044.26
Honda,Prelude,1994,ntayspelld8@discuz.net,Nealon,Male,477,128.225.237.188,Tayspell,$3864.26
Honda,Ridgeline,2007,dfishdd@vkontakte.ru,Derk,Male,482,91.147.84.16,Fish,$5389.83
Honda,S2000,2006,mickoviczmo@goo.ne.jp,Mandy,Female,817,35.214.105.94,Ickovicz,$2534.80
Honda,S2000,2007,djowett8v@comcast.net,Deb,Female,320,74.60.148.185,Jowett,$8717.91
Hummer,H1,1994,tsedgwickc0@loc.gov,Tymon,Male,433,241.32.207.106,Sedgwick,$7612.32
Hummer,H1,2001,mdickins2n@ycombinator.com,Mendel,Male,96,217.163.137.118,Dickins,$5707.09
Hummer,H1,2001,tviccars5i@loc.gov,Torie,Female,199,135.232.23.40,Viccars,$4703.83
Hummer,H1,2004,edietmar5c@ezinearticles.com,Estel,Female,193,56.19.142.172,Dietmar,$4760.14
Hummer,H2,2003,kishchenkoh2@ucoz.com,Karalee,Female,615,220.203.119.253,Ishchenko,$3347.06
Hummer,H2,2005,apringuerde@hud.gov,Augustine,Female,483,104.181.24.62,Pringuer,$8859.55
Hummer,H3,2008,lraimbauldgl@mozilla.org,Lorilee,Female,598,176.170.160.153,Raimbauld,$8092.22
Hummer,H3T,2010,alalleyqv@fema.gov,Alisander,Male,968,167.214.43.121,Lalley,$2727.71
Hyundai,Accent,1999,slippimp@epa.gov,Syman,Male,818,0.144.3.145,Lippi,$4522.48
Hyundai,Azera,2010,sdonegan95@howstuffworks.com,Shirlee,Female,330,15.56.154.197,Donegan,$2642.85
Hyundai,Elantra,1993,bcatletteb9@uol.com.br,Bengt,Male,406,59.168.11.238,Catlette,$6017.75
Hyundai,Elantra,1994,ostoltepf@lulu.com,Olivette,Female,916,79.116.38.59,Stolte,$5634.42
Hyundai,Elantra,1996,mdeebleib@wikipedia.org,Micheline,Female,660,174.161.108.19,Deeble,$6094.31
Hyundai,Elantra,1998,handrieuxh7@alexa.com,Hieronymus,Male,620,222.6.212.213,Andrieux,$2192.87
Hyundai,Elantra,2000,staborre3z@census.gov,Sonnnie,Female,144,63.32.49.173,Taborre,$1491.29
Hyundai,Elantra,2004,caugustineio@redcross.org,Consalve,Male,673,130.45.190.90,Augustine,$1976.45
Hyundai,Sonata,2000,ipistoljn@stanford.edu,Issy,Female,708,120.222.124.159,Pistol,$1911.56
Hyundai,Veracruz,2009,pbudgettda@dedecms.com,Peyter,Male,479,19.111.240.29,Budgett,$7592.85
Hyundai,XG350,2005,atoffalo5d@forbes.com,Arty,Male,194,178.54.252.136,Toffalo,$8362.08
Infiniti,EX,2009,lhartmann7z@macromedia.com,Lemar,Male,288,128.251.83.68,Hartmann,$9868.47
Infiniti,FX,2007,jwickhamkq@google.ca,Jeane,Female,747,68.5.39.243,Wickham,$326.28
Infiniti,FX,2010,pcamockoy@vimeo.com,Paulina,Female,899,16.170.140.77,Camock,$8590.01
Infiniti,FX,2012,agyenesmu@aol.com,Alair,Male,823,152.163.146.151,Gyenes,$3253.65
Infiniti,G,1994,lhartmann4j@sbwire.com,Lacey,Female,164,224.39.25.114,Hartmann,$6552.27
Infiniti,G,2005,gpeacherr4@techcrunch.com,Gearalt,Male,977,7.23.94.144,Peacher,$3996.87
Infiniti,G,2005,rferrarottiqo@jalbum.net,Rouvin,Male,961,206.39.67.178,Ferrarotti,$6705.47
Infiniti,I,2004,tantunez4o@timesonline.co.uk,Tammi,Female,169,47.250.93.128,Antunez,$1663.07
Infiniti,IPL G,2012,rarraultb@multiply.com,Ruthi,Female,12,206.168.254.82,Arrault,$6035.14
Infiniti,M,2010,kcrispe9r@google.ru,Ky,Male,352,243.240.154.211,Crispe,$9723.04
Infiniti,QX,1997,cbakeupc3@sphinn.com,Cornela,Female,436,165.75.92.78,Bakeup,$9624.34
Infiniti,QX,2003,mpyburni8@cocolog-nifty.com,Mirna,Female,657,109.32.234.112,Pyburn,$5694.42
Isuzu,Ascender,2004,mthoriuslb@trellian.com,Melinde,Female,768,192.221.85.187,Thorius,$3824.85
Isuzu,Axiom,2003,dpaolokl@webmd.com,Donnell,Male,742,217.139.85.170,Paolo,$3862.74
Isuzu,Hombre,1999,bstickler7y@reddit.com,Baird,Male,287,13.51.48.120,Stickler,$6091.73
Isuzu,i-Series,2008,mpettyk1@reddit.com,Marcela,Female,722,145.253.108.153,Petty,$7162.87
Isuzu,Rodeo,1997,brysdaleq0@ezinearticles.com,Bel,Female,937,121.72.83.177,Rysdale,$6345.69
Isuzu,Rodeo,2004,mscase6w@netscape.com,Mollee,Female,249,121.245.119.205,Scase,$68.73
Isuzu,Trooper,1992,cplacidiat@mtv.com,Claudelle,Female,390,175.148.163.161,Placidi,$1201.67
Isuzu,Trooper,1994,ggrigoliisn8@godaddy.com,Gradey,Male,837,213.224.193.247,Grigoliis,$4081.67
Isuzu,Trooper,2002,jdeportaa@virginia.edu,Joseph,Male,371,197.177.51.116,Deport,$239.34
Isuzu,VehiCROSS,1999,sbudd14@hibu.com,Stace,Female,41,206.151.167.50,Budd,$2624.92
Jaguar,S-Type,2006,lbellengero1@chron.com,Lanette,Female,866,102.81.118.235,Bellenger,$9583.52
Jaguar,X-Type,2005,lelbourneie@jalbum.net,Lombard,Male,663,93.21.18.16,Elbourne,$3930.80
Jaguar,X-Type,2006,slandaloj@flavors.me,Salaidh,Female,884,254.192.51.155,Landal,$7854.13
Jaguar,XJ Series,2000,akempstonehv@bbb.org,Alano,Male,644,38.44.218.51,Kempstone,$783.86
Jaguar,XJ Series,2001,tmattaserj@bbb.org,Tomlin,Male,20,196.151.91.12,Mattaser,$9575.99
Jaguar,XJ Series,2005,trobertacci7k@e-recht24.de,Tallie,Female,273,15.190.39.187,Robertacci,$8507.46
Jaguar,XJ,2009,ctremathick69@va.gov,Charil,Female,226,237.218.52.235,Tremathick,$6858.49
Jeep,Cherokee,1998,nbrignellix@macromedia.com,Nels,Male,682,255.168.200.148,Brignell,$9297.98
Jeep,Commander,2009,rchittim49@guardian.co.uk,Riobard,Male,154,71.192.140.79,Chittim,$8045.57
Jeep,Grand Cherokee,1994,ccissenl8@vimeo.com,Cthrine,Female,765,25.30.174.188,Cissen,$6025.12
Jeep,Grand Cherokee,2004,gcredlandkj@harvard.edu,Gardner,Male,740,231.86.31.183,Credland,$936.25
Jeep,Liberty,2002,fseverhq@nature.com,Freddy,Female,639,228.184.245.38,Sever,$2336.82
Jeep,Wrangler,1992,awedlock2q@goodreads.com,Aurore,Female,99,184.163.59.211,Wedlock,$5386.25
Jeep,Wrangler,1998,idooherdh@lulu.com,Itch,Male,486,64.100.178.247,Dooher,$2744.21
Jeep,Wrangler,2006,lriquet6s@army.mil,Lemar,Male,245,220.196.113.143,Riquet,$9354.26
Kia,Borrego,2009,grupertiqw@umn.edu,Gabie,Male,969,240.34.115.191,Ruperti,$7432.28
Kia,Optima,2001,bwristgk@zimbio.com,Bryce,Male,597,221.80.35.20,Wrist,$189.58
Kia,Optima,2008,browanqa@marriott.com,Belinda,Female,947,97.116.253.173,Rowan,$1206.97
Kia,Optima,2009,akleinmannfs@a8.net,Abbott,Male,569,75.3.195.217,Kleinmann,$3064.17
Kia,Rio,2010,lteckb8@netlog.com,Lorette,Female,405,191.6.132.173,Teck,$7330.97
Kia,Rondo,2007,lnehls6z@va.gov,Lonee,Female,252,122.224.102.22,Nehls,$6666.03
Kia,Rondo,2008,dolivazzin5@bbc.co.uk,Dody,Female,834,238.251.212.204,Olivazzi,$8044.36
Kia,Sedona,2008,colanda34@goodreads.com,Celia,Female,113,161.108.255.253,Olanda,$8550.41
Kia,Sorento,2008,pgostridgef4@jigsy.com,Petunia,Female,545,177.31.189.33,Gostridge,$3311.15
Kia,Soul,2011,phaylettp4@flickr.com,Philippine,Female,905,27.186.198.47,Haylett,$899.33
Kia,Spectra,2002,pthamelthp@mediafire.com,Porter,Male,638,187.129.194.38,Thamelt,$6430.13
Kia,Spectra,2009,nhatherleigh46@apache.org,Nomi,Female,151,93.243.254.200,Hatherleigh,$3414.71
Kia,Spectra5,2006,uraithbieem@deliciousdays.com,Urbain,Male,527,200.115.3.199,Raithbie,$4469.05
Kia,Sportage,1996,imcinnery9t@unblog.fr,Idaline,Female,354,53.70.204.38,McInnery,$9373.70
Kia,Sportage,2000,ddurradfp@comcast.net,Druci,Female,566,32.100.166.53,Durrad,$677.95
Kia,Sportage,2001,dreford82@list-manage.com,Daphna,Female,291,67.235.213.103,Reford,$5039.91
Kia,Sportage,2010,esenettq3@usnews.com,Esma,Female,940,111.27.142.9,Senett,$6825.91
Lamborghini,Diablo,1998,rricardetbw@posterous.com,Reinaldos,Male,429,113.217.65.19,Ricardet,$3775.13
Lamborghini,Diablo,2001,jsudddarddu@epa.gov,Joan,Female,499,94.158.77.192,Sudddard,$9245.53
Land Rover,Defender,1995,eminihan9p@fastcompany.com,Erica,Female,350,27.15.34.85,Minihan,$2009.27
Land Rover,Defender,1997,rsaur2r@shop-pro.jp,Raul,Male,100,30.6.163.51,Saur,$4831.29
Land Rover,Discovery Series II,2000,lalsinap6@hatena.ne.jp,Luca,Male,907,5.239.254.48,Alsina,$3013.87
Land Rover,Discovery,2007,eballaam24@tuttocitta.it,Emmanuel,Male,77,65.153.210.189,Ballaam,$9532.48
Land Rover,Freelander,2005,eumbers8f@joomla.org,Ethelind,Female,304,138.230.169.140,Umbers,$420.65
Land Rover,Freelander,2009,amorpheycv@example.com,Alain,Male,464,221.157.23.213,Morphey,$55.46
Land Rover,Range Rover Evoque,2012,gostickhm@sciencedirect.com,Giusto,Male,635,122.225.154.48,Ostick,$2453.52
Land Rover,Range Rover,2001,cheadingsbe@netvibes.com,Corny,Male,411,14.174.49.147,Headings,$6618.38
Land Rover,Range Rover,2003,ceschalette85@springer.com,Cory,Female,294,46.20.151.165,Eschalette,$8464.28
Land Rover,Range Rover,2003,thadnycx@wufoo.com,Theodore,Male,466,172.169.123.186,Hadny,$3753.37
Land Rover,Range Rover,2004,cpedicangi@samsung.com,Carlos,Male,595,14.10.225.88,Pedican,$5883.22
Land Rover,Range Rover,2006,ntracey3h@meetup.com,Napoleon,Male,126,224.113.147.85,Tracey,$8760.13
Land Rover,Range Rover,2012,atonkes1j@mac.com,Ambrosi,Male,56,133.178.54.130,Tonkes,$226.37
Lexus,ES,1997,drichardin12@biblegateway.com,Danie,Male,39,229.73.79.121,Richardin,$9654.18
Lexus,ES,2004,lmorston18@nyu.edu,Lacy,Female,45,123.249.5.87,Morston,$1369.32
Lexus,ES,2011,ghearne9y@flickr.com,Griswold,Male,359,11.60.149.27,Hearne,$5639.18
Lexus,GS,2007,mstanggjertsenpu@4shared.com,Mitchell,Male,931,169.93.149.119,Stang-Gjertsen,$2496.83
Lexus,GS,2013,mcarrickg9@washingtonpost.com,Marlowe,Male,586,46.104.54.92,Carrick,$5812.50
Lexus,GX,2010,ndecenti@slate.com,Nikola,Male,19,67.91.98.253,Decent,$6065.51
Lexus,IS F,2009,tcolcuttaf@lycos.com,Tami,Female,376,56.214.109.97,Colcutt,$6688.60
Lexus,IS,2002,mhackleyos@amazon.co.jp,Maynord,Male,893,184.220.174.150,Hackley,$8393.88
Lexus,IS,2008,gbearfoot3g@hostgator.com,Gael,Male,125,87.87.146.69,Bearfoot,$9612.40
Lexus,LS,1990,mrosenbarg7f@opera.com,Mace,Male,268,219.86.37.84,Rosenbarg,$3590.60
Lexus,LS,2007,kskillmanj1@cafepress.com,Kale,Male,686,60.116.110.168,Skillman,$1014.81
Lexus,LS,2007,lchampkins31@jiathis.com,Lacie,Female,110,103.205.2.136,Champkins,$3610.31
Lexus,LX,1996,jdyerar@myspace.com,Jorge,Male,388,141.246.105.66,Dyer,$454.30
Lexus,LX,2001,rlarbyg4@oaic.gov.au,Rheta,Female,581,209.101.158.28,Larby,$7248.84
Lexus,LX,2005,dandrasg1@businesswire.com,Donovan,Male,578,140.110.95.153,Andras,$2594.13
Lexus,LX,2013,lpedreschi5q@exblog.jp,Lazar,Male,207,143.28.43.116,Pedreschi,$2947.89
Lexus,LX,2013,mcroyden4y@jalbum.net,Maressa,Female,179,184.230.139.94,Croyden,$2314.42
Lexus,RX Hybrid,2012,bdoubledayqz@zdnet.com,Brock,Male,972,203.52.40.235,Doubleday,$8608.16
Lexus,RX,2004,rbutlinge@topsy.com,Ruthann,Female,591,122.179.158.227,Butlin,$3805.60
Lexus,RX,2006,jdodsley65@intel.com,Jud,Male,222,70.6.224.186,Dodsley,$8878.43
Lexus,RX,2013,bsyvret3p@bravesites.com,Bartie,Male,134,36.7.128.73,Syvret,$2763.37
Lexus,SC,1992,iwondraschekan@over-blog.com,Ingaberg,Female,384,163.150.109.45,Wondraschek,$26.92
Lexus,SC,2000,ethowr9@wix.com,Ephrayim,Male,982,191.180.87.6,Thow,$599.98
Lexus,SC,2004,jreihill8z@diigo.com,Juline,Female,324,20.199.222.172,Reihill,$1612.28
Lexus,SC,2006,dstartonin@t-online.de,Derrik,Male,672,113.191.37.68,Starton,$8636.31
Lexus,SC,2007,rconwayo5@ted.com,Rea,Female,870,131.2.140.114,Conway,$92.18
Lexus,SC,2009,eseyffert6n@globo.com,Eldon,Male,240,93.8.162.21,Seyffert,$2793.59
Lincoln,Continental,1985,rravenhillsld@cpanel.net,Russell,Male,770,88.252.168.97,Ravenhills,$9317.29
Lincoln,LS,2000,jdatteo0@ifeng.com,Jamima,Female,865,230.103.251.153,Datte,$1901.72
Lincoln,LS,2000,mmedinax@engadget.com,Marshall,Male,34,200.240.31.216,Medina,$4294.49
Lincoln,Mark VIII,1995,agoosnello9@lulu.com,Ashia,Female,874,218.250.191.54,Goosnell,$6535.67
Lincoln,Mark VIII,1998,cpakeskx@constantcontact.com,Caesar,Male,754,135.229.234.217,Pakes,$1953.21
Lincoln,MKS,2009,ebaumlp@state.gov,Ewell,Male,782,202.195.65.238,Baum,$9868.24
Lincoln,MKS,2011,ijannaway6i@eepurl.com,Ivor,Male,235,214.37.188.245,Jannaway,$8201.14
Lincoln,MKS,2013,wisitt7o@chron.com,Wendell,Male,277,77.253.119.75,Isitt,$2375.69
Lincoln,MKT,2012,ctejadaey@bravesites.com,Clarabelle,Female,539,136.235.211.165,Tejada,$8896.73
Lincoln,MKZ,2010,agrumble9a@psu.edu,Annabal,Female,335,82.191.222.251,Grumble,$4785.90
Lincoln,Navigator L,2008,gisitthd@clickbank.net,Gaby,Female,626,181.10.164.188,Isitt,$1016.52
Lincoln,Navigator,2009,mhardsoni6@istockphoto.com,Marcia,Female,655,159.17.250.12,Hardson,$2766.65
Lincoln,Town Car,1986,vkemmish58@nps.gov,Vivyan,Female,189,228.198.85.31,Kemmish,$8384.13
Lincoln,Town Car,1989,cmonkleighnt@stanford.edu,Carrol,Male,858,108.112.34.196,Monkleigh,$5199.85
Lincoln,Town Car,2004,sfudgergq@bbc.co.uk,Shirline,Female,603,208.58.32.79,Fudger,$3462.91
Lincoln,Town Car,2005,nwallhead8t@live.com,Nyssa,Female,318,138.4.231.217,Wallhead,$5912.00
Lincoln,Town Car,2005,qfiddyle@timesonline.co.uk,Quillan,Male,771,89.194.75.17,Fiddy,$1937.89
Lincoln,Town Car,2009,bropartziq@networksolutions.com,Brittani,Female,675,68.35.42.76,Ropartz,$306.74
Lotus,Elan,1991,hmeaddowcrofto2@amazon.co.jp,Hesther,Female,867,3.38.91.102,Meaddowcroft,$6680.08
Lotus,Elan,1993,jcharlsonf1@cisco.com,Job,Male,542,239.35.206.56,Charlson,$6505.96
Lotus,Elan,1993,jjentcq@intel.com,Jere,Female,459,112.99.105.82,Jent,$827.07
Lotus,Elise,2007,bbogieoo@barnesandnoble.com,Bart,Male,889,7.63.51.173,Bogie,$2184.71
Lotus,Esprit,1987,cpovey3@1und1.de,Chandler,Male,4,14.126.78.80,Povey,$3313.40
Lotus,Esprit,2002,vjorgerid@indiatimes.com,Vance,Male,662,161.38.169.88,Jorger,$5784.25
Lotus,Evora,2012,gjennins2i@rakuten.co.jp,Gawen,Male,91,133.46.87.79,Jennins,$4.38
Maserati,228,1989,pscarsbrick98@diigo.com,Pincas,Male,333,124.171.80.182,Scarsbrick,$5605.10
Maserati,Quattroporte,1986,mrulteng8@noaa.gov,Marijn,Male,585,191.229.129.181,Rulten,$7371.93
Maserati,Quattroporte,2006,jleipeltb4@accuweather.com,Judye,Female,401,39.220.71.83,Leipelt,$6139.12
Maserati,Quattroporte,2008,cgreader7e@360.cn,Chelsy,Female,267,64.175.142.217,Greader,$3142.17
Maserati,Quattroporte,2012,lpalserfw@creativecommons.org,Layla,Female,573,33.23.69.26,Palser,$1959.44
Maserati,Spyder,1989,kmullard22@trellian.com,Kerrie,Female,75,42.15.25.197,Mullard,$9045.90
Maybach,57,2005,ppenticootrq@wikipedia.org,Prissie,Female,999,34.49.55.56,Penticoot,$403.50
Maybach,57,2011,bwardall2f@soup.io,Bellanca,Female,88,151.4.119.127,Wardall,$2783.76
Maybach,62,2011,plissandrini4m@gizmodo.com,Pall,Male,167,163.96.203.168,Lissandrini,$6522.32
Mazda,626,1985,jlattimorece@cnbc.com,Jillane,Female,447,182.200.71.138,Lattimore,$3310.03
Mazda,626,1996,ytesyrou@xrea.com,Yule,Male,31,225.196.66.18,Tesyro,$1418.02
Mazda,626,2001,qkobesby@bing.com,Quillan,Male,431,172.235.6.180,Kobes,$5042.31
Mazda,929,1992,tcastellocw@gmpg.org,Tierney,Female,465,213.56.30.29,Castello,$2266.11
Mazda,B-Series Plus,1993,slinesak@sakura.ne.jp,Samuele,Male,381,104.149.235.93,Lines,$3033.72
Mazda,B-Series Plus,1999,tblewe9@un.org,Timi,Female,514,6.192.219.89,Blew,$2345.98
Mazda,B-Series,1988,anairneb1@mayoclinic.com,Ambrosi,Male,398,69.141.4.228,Nairne,$3962.96
Mazda,B-Series,2000,rdumbar5l@cbsnews.com,Robena,Female,202,81.211.217.172,Dumbar,$8336.22
Mazda,B-Series,2004,ntompkinmm@t-online.de,Nels,Male,815,199.47.144.6,Tompkin,$1917.70
Mazda,B-Series,2008,pstuttmanqt@yellowbook.com,Pancho,Male,966,104.234.60.242,Stuttman,$4654.65
Mazda,B2000,1985,srathkegh@diigo.com,Stacee,Male,594,114.253.45.71,Rathke,$7174.75
Mazda,B2600,1987,sivinsc6@chron.com,Silvanus,Male,439,74.97.18.167,Ivins,$3515.48
Mazda,CX-7,2008,jbatchelderqm@spotify.com,Joey,Male,959,150.233.146.74,Batchelder,$2337.38
Mazda,CX-9,2007,cclinch99@edublogs.org,Casper,Male,334,124.71.154.247,Clinch,$3184.46
Mazda,CX-9,2009,gmacnallyr7@home.pl,Gwenny,Female,980,221.50.239.145,MacNally,$8501.34
Mazda,CX-9,2010,ehickisson27@studiopress.com,Erica,Female,80,45.60.163.98,Hickisson,$3601.74
Mazda,CX-9,2010,fjanouchns@skype.com,Friedrick,Male,857,33.194.1.84,Janouch,$6520.92
Mazda,Familia,1986,jmorfelld1@hexun.com,Jessee,Male,470,160.30.204.187,Morfell,$4039.60
Mazda,Familia,1988,lbattieim@sohu.com,Lon,Male,671,205.74.62.36,Battie,$4871.77
Mazda,Familia,1992,rmaddinonq4@printfriendly.com,Ricky,Female,941,177.120.89.152,Maddinon,$3525.98
Mazda,Mazda3,2012,ahuggardo8@sfgate.com,Anissa,Female,873,144.129.182.151,Huggard,$6545.32
Mazda,Mazda5,2009,dpossekqy@printfriendly.com,Deeann,Female,971,209.71.232.106,Possek,$27.53
Mazda,Mazda6 5-Door,2006,tpiatkowskid0@economist.com,Tildie,Female,469,252.119.2.147,Piatkowski,$3343.27
Mazda,Millenia,1998,asterrie5k@craigslist.org,Aindrea,Female,201,110.73.69.56,Sterrie,$5167.77
Mazda,MPV,1989,rcanacott83@google.fr,Regen,Male,292,18.79.7.108,Canacott,$7697.54
Mazda,MPV,2000,rleijsgm@nbcnews.com,Rickard,Male,599,144.250.199.201,Leijs,$3809.60
Mazda,MPV,2001,jtiler55@foxnews.com,Janeva,Female,186,246.95.150.238,Tiler,$2403.29
Mazda,MPV,2002,crheltonoi@google.ca,Carr,Male,883,155.131.187.179,Rhelton,$7779.32
Mazda,MX-5,1995,hfilson56@disqus.com,Hazel,Male,187,184.138.169.96,Filson,$4723.15
Mazda,MX-5,2008,lgalvin1q@virginia.edu,Lilian,Female,63,95.12.143.197,Galvin,$5672.22
Mazda,MX-5,2009,kselbiecc@guardian.co.uk,Kori,Female,445,119.246.204.131,Selbie,$589.63
Mazda,Protege,1996,wstuttmanhx@hp.com,Washington,Male,646,176.182.128.158,Stuttman,$1855.04
Mazda,Protege,2003,rklimentyonok6t@studiopress.com,Robby,Male,246,207.52.79.22,Klimentyonok,$5396.41
Mazda,Protege5,2002,sgandley9b@ucoz.ru,Sinclair,Male,336,219.190.198.211,Gandley,$9103.09
Mazda,RX-7,1985,fcoltart8y@sphinn.com,Fabe,Male,323,204.65.244.165,Coltart,$6346.79
Mazda,RX-7,1991,kbalogh2o@cnet.com,Kore,Female,97,90.11.9.134,Balogh,$6980.13
Mazda,RX-8,2008,hcraytonig@wix.com,Hailee,Female,665,155.203.130.50,Crayton,$9031.25
Mazda,RX-8,2010,mhuncootjv@smh.com.au,Malvina,Female,716,124.105.63.236,Huncoot,$9236.65
Mazda,Tribute,2002,jparkeycz@scientificamerican.com,Jaimie,Female,468,239.22.150.143,Parkey,$2417.81
Mercedes-Benz,300CE,1993,mjerosch5j@slideshare.net,Margarete,Female,200,163.58.198.9,Jerosch,$6925.85
Mercedes-Benz,300E,1992,gdingsdaleds@dell.com,Galvan,Male,497,91.74.230.150,Dingsdale,$1554.74
Mercedes-Benz,C-Class,2011,vhorriganrm@ucoz.com,Veronica,Female,995,51.41.204.160,Horrigan,$6913.76
Mercedes-Benz,CL-Class,2005,hcustardhk@japanpost.jp,Hyacintha,Female,633,45.14.186.114,Custard,$9397.48
Mercedes-Benz,CL-Class,2012,cgreigqr@ox.ac.uk,Carry,Female,964,18.102.177.27,Greig,$9002.41
Mercedes-Benz,CL-Class,2012,vhollyardr8@bloglines.com,Vivyanne,Female,981,177.50.201.140,Hollyard,$9423.21
Mercedes-Benz,CLS-Class,2011,fburdinj7@soup.io,Florance,Female,692,169.95.149.223,Burdin,$1642.28
Mercedes-Benz,CLS-Class,2012,cdysonfn@goo.ne.jp,Claudetta,Female,564,29.218.68.92,Dyson,$3330.35
Mercedes-Benz,CLS-Class,2012,cmadgec5@latimes.com,Cathrin,Female,438,96.161.196.105,Madge,$1845.58
Mercedes-Benz,E-Class,1984,csantelloj5@illinois.edu,Clo,Female,690,202.171.15.134,Santello,$5128.53
Mercedes-Benz,E-Class,2001,hbabar9e@washington.edu,Henryetta,Female,339,197.32.83.219,Babar,$7919.29
Mercedes-Benz,G-Class,2005,ctittershill8o@cmu.edu,Clyve,Male,313,146.203.150.13,Tittershill,$6073.26
Mercedes-Benz,G-Class,2005,jscarfgj@ft.com,Janenna,Female,596,22.182.2.119,Scarf,$3383.02
Mercedes-Benz,M-Class,2003,dsproatll@telegraph.co.uk,Darill,Male,778,90.249.156.237,Sproat,$8222.41
Mercedes-Benz,M-Class,2005,ewoodroofbz@state.gov,Eberto,Male,432,88.69.127.0,Woodroof,$1360.04
Mercedes-Benz,M-Class,2009,gcerro89@independent.co.uk,Gare,Male,298,215.123.231.187,Cerro,$8400.67
Mercedes-Benz,R-Class,2008,tdackomberb@skyrock.com,Tessie,Female,984,33.122.20.106,Dackombe,$8143.03
Mercedes-Benz,S-Class,1991,ppinkgf@timesonline.co.uk,Petunia,Female,592,100.220.107.212,Pink,$1836.69
Mercedes-Benz,S-Class,1993,pdavana2d@mozilla.com,Pearla,Female,86,131.147.167.96,Davana,$4371.76
Mercedes-Benz,S-Class,2003,aweallm@google.com,Alphard,Male,23,156.129.11.84,Weall,$1894.88
Mercedes-Benz,S-Class,2008,rambroziak6q@springer.com,Rollie,Male,243,33.136.139.41,Ambroziak,$4255.28
Mercedes-Benz,S-Class,2012,lrangeleygy@angelfire.com,Loren,Male,611,159.6.22.42,Rangeley,$5455.11
Mercedes-Benz,SL-Class,1990,rdorsett1o@phpbb.com,Randolph,Male,61,112.153.240.71,Dorsett,$9512.68
Mercedes-Benz,SL-Class,1992,tmcliseai@sun.com,Tamra,Female,379,224.77.133.46,McLise,$5658.63
Mercedes-Benz,SL-Class,1996,nberzinrg@hud.gov,Nerissa,Female,989,71.255.112.80,Berzin,$6324.77
Mercedes-Benz,SL-Class,1998,bmetterickemj@creativecommons.org,Bern,Male,812,67.35.226.73,Mettericke,$9172.05
Mercedes-Benz,SL-Class,1998,efadianca@ted.com,Elyssa,Female,443,246.13.103.49,Fadian,$254.62
Mercedes-Benz,SL-Class,1998,sdobbisona7@imageshack.us,Serene,Female,368,130.223.15.12,Dobbison,$2864.06
Mercedes-Benz,SL-Class,2003,gdenkeli2@is.gd,Garald,Male,651,176.199.155.88,Denkel,$4469.77
Mercedes-Benz,SLK-Class,2002,bcalderbankno@yellowbook.com,Bibbie,Female,853,24.124.136.201,Calderbank,$4485.56
Mercedes-Benz,SLK-Class,2011,ksherar7c@4shared.com,Kassey,Female,265,124.192.147.14,Sherar,$8574.38
Mercedes-Benz,SLK55 AMG,2009,csorsbyfh@so-net.ne.jp,Cory,Female,558,193.192.231.15,Sorsby,$2149.20
Mercedes-Benz,Sprinter 3500,2011,jtumasianhj@360.cn,Josepha,Female,632,196.195.129.221,Tumasian,$7563.35
Mercedes-Benz,Sprinter,2010,tlittledike1m@cocolog-nifty.com,Travus,Male,59,75.52.187.87,Littledike,$8640.10
Mercury,Capri,1993,gdumphynn@mapquest.com,Gill,Male,852,71.70.47.164,Dumphy,$2938.13
Mercury,Cougar,1994,sstitcher1k@weather.com,Sherie,Female,57,158.68.53.147,Stitcher,$7398.25
Mercury,Cougar,1999,nolanderhn@dyndns.org,Norbie,Male,636,106.35.198.203,Olander,$3642.10
Mercury,Grand Marquis,1985,barstingalli9@gravatar.com,Birk,Male,658,164.20.3.197,Arstingall,$6179.36
Mercury,Grand Marquis,1988,grosenbloomj4@sakura.ne.jp,Gerik,Male,689,14.181.253.191,Rosenbloom,$708.96
Mercury,Grand Marquis,2002,rhavik9o@fda.gov,Rooney,Male,349,143.240.77.47,Havik,$1469.48
Mercury,Mariner,2006,wchieze4k@i2i.jp,Ware,Male,165,230.77.62.84,Chieze,$8398.18
Mercury,Mariner,2008,ajentleha@google.ru,Alexi,Female,623,100.221.88.191,Jentle,$3871.40
Mercury,Marquis,1985,talveyls@de.vu,Thain,Male,785,169.226.41.143,Alvey,$7350.75
Mercury,Montego,2007,yadamowitzow@fema.gov,Yehudi,Male,897,104.134.9.51,Adamowitz,$5630.08
Mercury,Mountaineer,2002,jbazelyl5@altervista.org,Justino,Male,762,31.104.56.254,Bazely,$276.23
Mercury,Mountaineer,2004,pbroyd3y@mayoclinic.com,Paulie,Female,143,82.217.9.192,Broyd,$7399.27
Mercury,Mountaineer,2005,asorq8@unicef.org,Alyss,Female,945,236.105.102.12,Sor,$5361.48
Mercury,Mountaineer,2007,fwrightamlw@bizjournals.com,Fredek,Male,789,242.217.55.242,Wrightam,$1087.16
Mercury,Sable,1999,tizenjh@qq.com,Tabor,Male,702,96.105.87.5,Izen,$5313.43
Mercury,Sable,2001,ispiero4@archive.org,Isabeau,Female,869,101.116.183.100,Spier,$2914.51
Mercury,Sable,2003,cmcparlinb6@google.es,Cris,Male,403,77.193.73.176,McParlin,$6473.17
Mercury,Sable,2003,svaar1c@huffingtonpost.com,Stormy,Female,49,38.236.162.176,Vaar,$6256.91
Mercury,Sable,2004,arolland4a@goodreads.com,Audie,Female,155,114.30.222.116,Rolland,$291.51
Mercury,Sable,2008,jmoseley8w@imageshack.us,Jaimie,Female,321,8.250.178.188,Moseley,$5102.18
Mercury,Topaz,1991,vraffonaq@chronoengine.com,Vin,Female,387,175.188.143.162,Raffon,$4810.89
Mercury,Topaz,1993,srushmaremk@dagondesign.com,Seline,Female,813,99.139.124.139,Rushmare,$2643.64
Mercury,Topaz,1994,rbaudrykv@dell.com,Rafaelia,Female,752,39.233.238.242,Baudry,$2903.30
Mercury,Villager,1996,gdjurisicpa@washington.edu,Graehme,Male,911,145.165.6.173,Djurisic,$7822.96
MINI,Clubman,2008,nmorstattot@columbia.edu,Neddie,Male,894,58.108.176.153,Morstatt,$161.32
MINI,Cooper Clubman,2012,kpassoc7@seesaa.net,Kristopher,Male,440,155.240.175.86,Passo,$7067.27
MINI,Cooper,2002,nrattryj8@zdnet.com,Nancie,Female,693,7.110.43.21,Rattry,$770.11
MINI,Cooper,2007,bthomessonqc@ycombinator.com,Brandea,Female,949,3.49.217.85,Thomesson,$9469.20
MINI,Countryman,2011,dcloyoe@a8.net,Dixie,Female,879,41.71.78.248,Cloy,$377.03
MINI,Countryman,2012,tobriano3@businesswire.com,Tam,Male,868,82.108.72.194,O'Brian,$1210.74
Mitsubishi,3000GT,1996,cdottrell8q@github.com,Corbet,Male,315,180.48.121.105,Dottrell,$8008.79
Mitsubishi,Challenger,1999,djosumf9@bigcartel.com,Dunn,Male,550,18.242.22.231,Josum,$6998.61
Mitsubishi,Chariot,1986,yknock9x@flavors.me,Yule,Male,358,105.129.244.19,Knock,$110.71
Mitsubishi,Chariot,1991,caltreelz@google.pl,Cassey,Female,792,217.47.211.89,Altree,$8363.51
Mitsubishi,Chariot,1992,cjenmanoq@wufoo.com,Cornall,Male,891,182.175.214.139,Jenman,$8871.04
Mitsubishi,Chariot,1993,lmacmaykinn@ustream.tv,Laurens,Male,24,173.81.248.228,MacMaykin,$1471.82
Mitsubishi,Cordia,1986,gbertomieumd@uol.com.br,Gaven,Male,806,0.131.96.131,Bertomieu,$5460.17
Mitsubishi,Cordia,1986,kbettam8e@biglobe.ne.jp,Keene,Male,303,108.83.212.49,Bettam,$2812.71
Mitsubishi,Cordia,1986,tskuresa9@ca.gov,Tabor,Male,370,77.96.191.191,Skures,$6385.43
Mitsubishi,Cordia,1988,cfilipovic9i@dion.ne.jp,Cathlene,Female,343,176.206.211.24,Filipovic,$4082.18
Mitsubishi,Diamante,2004,etezure48@virginia.edu,Edsel,Male,153,221.132.98.240,Tezure,$6307.77
Mitsubishi,Eclipse,1991,aroddammw@unblog.fr,Artur,Male,825,202.231.221.231,Roddam,$5333.50
Mitsubishi,Eclipse,2003,bstoeckdc@imdb.com,Britta,Female,481,220.87.87.223,Stoeck,$8581.55
Mitsubishi,Eclipse,2004,fclosejf@devhub.com,Frannie,Female,700,113.116.85.56,Close,$3017.58
Mitsubishi,Eclipse,2009,paartsen6h@ezinearticles.com,Pavlov,Male,234,58.149.252.3,Aartsen,$9385.42
Mitsubishi,Endeavor,2011,tbute6a@arstechnica.com,Tierney,Female,227,77.7.153.26,Bute,$4716.11
Mitsubishi,Expo,1993,hfrearsonja@addthis.com,Hamel,Male,695,178.57.224.86,Frearson,$4856.77
Mitsubishi,Galant,1987,afrerejz@infoseek.co.jp,Alanson,Male,720,109.232.190.8,Frere,$3663.70
Mitsubishi,Galant,1997,ejanousekeu@desdev.cn,Elnore,Female,535,249.153.23.19,Janousek,$6554.29
Mitsubishi,Galant,1999,dbartram6r@photobucket.com,Dorian,Female,244,133.255.156.230,Bartram,$9444.91
Mitsubishi,Galant,2000,cjackwayscl@huffingtonpost.com,Claudius,Male,454,126.105.133.68,Jackways,$3891.46
Mitsubishi,Galant,2001,lharkinac@trellian.com,Livvyy,Female,373,207.60.228.102,Harkin,$3759.06
Mitsubishi,Galant,2007,ljikyllsgt@dagondesign.com,Lindsay,Female,606,26.37.181.30,Jikylls,$4564.11
Mitsubishi,GTO,1998,dbartullm@wordpress.com,Dyann,Female,779,162.45.44.30,Bartul,$4399.65
Mitsubishi,L300,1987,amarriot3s@upenn.edu,Anny,Female,137,122.117.238.146,Marriot,$4179.93
Mitsubishi,Lancer Evolution,2006,aestabrookka@psu.edu,Ara,Female,731,33.159.191.221,Estabrook,$8800.79
Mitsubishi,Lancer Evolution,2008,mglacken4z@mashable.com,Marney,Female,180,219.220.117.204,Glacken,$4755.00
Mitsubishi,Lancer,2003,jivatt2v@blogtalkradio.com,Joey,Male,104,90.121.151.254,Ivatt,$32.18
Mitsubishi,Lancer,2009,rhamblend9@booking.com,Remington,Male,478,196.21.2.65,Hamblen,$9772.33
Mitsubishi,Mighty Max,1992,kcanepe96@nature.com,Kat,Female,331,148.19.166.64,Canepe,$9259.49
Mitsubishi,Montero Sport,2004,eduffield92@last.fm,Esmeralda,Female,327,7.85.173.194,Duffield,$3659.48
Mitsubishi,Montero,1997,bbodleighgn@plala.or.jp,Burch,Male,600,33.45.113.36,Bodleigh,$5331.08
Mitsubishi,Montero,1997,bcrosiera0@howstuffworks.com,Brodie,Male,361,128.123.17.13,Crosier,$5190.06
Mitsubishi,Montero,1999,mgarredlu@thetimes.co.uk,Merry,Male,787,50.82.133.59,Garred,$3869.00
Mitsubishi,Montero,2002,aciobotarupq@army.mil,Atalanta,Female,927,134.32.72.30,Ciobotaru,$7124.31
Mitsubishi,Outlander,2004,slettsri@dion.ne.jp,Stanly,Male,991,82.168.151.91,Letts,$2253.32
Mitsubishi,Outlander,2006,mpiburnlg@stumbleupon.com,Maegan,Female,773,92.61.61.131,Piburn,$4985.36
Mitsubishi,Outlander,2009,rnotton1p@google.fr,Rafferty,Male,62,77.243.73.143,Notton,$7991.11
Mitsubishi,Pajero,1986,elabrouebi@sogou.com,Ephrayim,Male,415,83.84.121.225,Labroue,$2119.40
Mitsubishi,Pajero,1986,sstuttman3m@github.io,Salomi,Female,131,10.244.30.8,Stuttman,$5396.38
Mitsubishi,Pajero,1992,cmctrustey41@sbwire.com,Celina,Female,146,0.53.115.57,McTrustey,$7140.98
Mitsubishi,Pajero,2005,gbleackly7p@intel.com,Glenden,Male,278,118.103.204.93,Bleackly,$2551.06
Mitsubishi,Starion,1988,averrierdi@google.com,Addie,Female,487,182.29.51.220,Verrier,$2196.48
Mitsubishi,Truck,1993,cbrownillbs@cbc.ca,Coriss,Female,425,254.19.243.50,Brownill,$8992.87
Nissan,200SX,1995,bpevsnern6@netlog.com,Babita,Female,835,254.108.76.80,Pevsner,$6635.90
Nissan,200SX,1996,jyurasovfg@nih.gov,Jerrine,Female,557,242.53.38.241,Yurasov,$2399.55
Nissan,240SX,1994,akillingback7h@hubpages.com,Alameda,Female,270,222.104.71.155,Killingback,$637.66
Nissan,300ZX,1996,bvernallsel@merriam-webster.com,Baxie,Male,526,17.33.78.163,Vernalls,$389.90
Nissan,350Z,2005,fdargieql@ebay.com,Fran,Female,958,192.164.22.207,Dargie,$8884.32
Nissan,370Z,2009,gvigursdl@pinterest.com,Gerik,Male,490,52.158.179.186,Vigurs,$6391.88
Nissan,370Z,2009,mgleaveck@sourceforge.net,Murdoch,Male,453,118.134.162.68,Gleave,$7054.17
Nissan,Cube,2009,rpencottfx@prlog.org,Robena,Female,574,73.8.77.7,Pencott,$2224.87
Nissan,Cube,2012,rlanglaiscf@seattletimes.com,Reuben,Male,448,55.27.220.15,Langlais,$3212.95
Nissan,Frontier,2010,hbernhard81@lycos.com,Hill,Male,290,245.101.222.193,Bernhard,$2807.32
Nissan,JUKE,2011,zduigenanen@ox.ac.uk,Zackariah,Male,528,105.98.218.19,Duigenan,$4469.16
Nissan,Maxima,2001,hgoodanewr3@1und1.de,Huey,Male,976,58.118.1.72,Goodanew,$6704.58
Nissan,Maxima,2005,cmaccall6m@webs.com,Chick,Male,239,57.130.43.140,MacCall,$4822.22
Nissan,Maxima,2006,crudinger4r@163.com,Cayla,Female,172,90.95.71.227,Rudinger,$9791.74
Nissan,Maxima,2011,bdelayglesiasw@rakuten.co.jp,Ber,Male,33,93.169.198.29,De la Yglesias,$3278.93
Nissan,Maxima,2011,gdominyeq@wordpress.com,Gabriele,Male,531,30.20.52.163,Dominy,$3880.40
Nissan,Murano,2010,kellacottiw@redcross.org,Kimberli,Female,681,102.129.161.214,Ellacott,$399.80
Nissan,Quest,1993,wmougelkt@flavors.me,Whitaker,Male,750,166.249.176.183,Mougel,$8824.46
Nissan,Quest,2002,lmilbank4q@weibo.com,Lorens,Male,171,159.50.192.73,Milbank,$5970.26
Nissan,Rogue,2010,ssivill9@yellowbook.com,Stefanie,Female,10,22.230.102.212,Sivill,$6013.26
Nissan,Rogue,2012,ncrannami@nydailynews.com,Nigel,Male,811,8.255.199.249,Cranna,$6556.86
Nissan,Sentra,1993,fandrichla@jalbum.net,Florella,Female,767,115.9.122.109,Andrich,$5761.60
Nissan,Sentra,2004,acorringtonfd@posterous.com,Abby,Male,554,94.190.33.225,Corrington,$7150.14
Nissan,Sentra,2005,lbulstrodegu@youtube.com,Lyda,Female,607,172.65.57.119,Bulstrode,$2845.88
Nissan,Titan,2004,clandeoh@ucla.edu,Carmela,Female,882,53.250.56.251,Lande,$4227.39
Nissan,Versa,2007,mcannavandv@cnn.com,Martguerita,Female,500,190.134.167.84,Cannavan,$5673.77
Nissan,Versa,2008,asmeethfq@dailymail.co.uk,Adrienne,Female,567,158.120.247.55,Smeeth,$1276.31
Nissan,Versa,2012,mcassie9m@home.pl,Moise,Male,347,57.241.252.146,Cassie,$6885.03
Oldsmobile,88,1992,estukeq5@sbwire.com,Estell,Female,942,69.94.197.203,Stuke,$6457.01
Oldsmobile,88,1999,bhardikercs@bandcamp.com,Beau,Male,461,244.97.118.63,Hardiker,$8201.37
Oldsmobile,Achieva,1996,wdamiatahc@feedburner.com,Waldo,Male,625,60.37.188.114,Damiata,$1347.22
Oldsmobile,Alero,2004,dhabershaw94@cafepress.com,Doe,Female,329,116.243.58.209,Habershaw,$6741.60
Oldsmobile,Aurora,1996,tbyneth6l@scribd.com,Tan,Male,238,119.237.43.26,Byneth,$2947.14
Oldsmobile,Aurora,1997,kcoull7t@apple.com,Kiah,Female,282,17.195.141.2,Coull,$6173.35
Oldsmobile,Ciera,1993,asolesburyal@marriott.com,Alexine,Female,382,44.117.136.246,Solesbury,$6961.33
Oldsmobile,Ciera,1995,jberanek5z@sbwire.com,Jack,Male,216,163.178.137.217,Beranek,$8826.88
Oldsmobile,Silhouette,1999,aparemanln@dailymotion.com,Adam,Male,780,145.183.239.30,Pareman,$7287.14
Panoz,Esperante,2005,lyendallkg@fotki.com,Lancelot,Male,737,83.41.59.71,Yendall,$3274.19
Plymouth,Acclaim,1994,awainscoatpr@bloomberg.com,Antonin,Male,928,0.122.104.0,Wainscoat,$5447.79
Plymouth,Breeze,1997,bgidmanfv@europa.eu,Barth,Male,572,53.171.209.248,Gidman,$9933.14
Plymouth,Colt,1994,bguileqq@ox.ac.uk,Bren,Female,963,145.116.98.199,Guile,$8498.74
Plymouth,Grand Voyager,1992,cstickley71@disqus.com,Cymbre,Female,254,34.214.141.204,Stickley,$7593.95
Plymouth,Laser,1993,crisenjm@imgur.com,Cornelia,Female,707,105.230.49.108,Risen,$5949.64
Plymouth,Prowler,2000,mcripps9h@nhs.uk,Myca,Male,342,236.79.242.213,Cripps,$1388.21
Plymouth,Sundance,1994,dlountog@marketwatch.com,Devlen,Male,881,93.123.195.237,Lount,$9951.87
Plymouth,Voyager,1996,sbarthotnm@independent.co.uk,Stormy,Female,851,226.90.177.50,Barthot,$3946.49
Pontiac,6000,1988,bfochs6e@samsung.com,Billie,Male,231,172.135.194.45,Fochs,$9190.14
Pontiac,Bonneville,1998,eewinnf@blogspot.com,Ezra,Male,844,184.62.197.136,Ewin,$8830.55
Pontiac,Bonneville,1998,iwaterhousdb@yellowbook.com,Isabeau,Female,480,6.250.70.185,Waterhous,$4017.51
Pontiac,Bonneville,1999,hbenninckqg@scientificamerican.com,Hendrick,Male,953,91.100.247.11,Benninck,$436.15
Pontiac,Firebird,1992,promagnosin1@cbsnews.com,Paddie,Male,830,116.80.158.103,Romagnosi,$7412.67
Pontiac,Firebird,1993,mfleckneykc@pinterest.com,Meyer,Male,733,80.94.41.36,Fleckney,$456.08
Pontiac,Firebird,1993,tbosket20@comsenz.com,Thadeus,Male,73,161.58.41.81,Bosket,$3930.05
Pontiac,G6,2010,fhelinbr@upenn.edu,Frasier,Male,424,54.239.16.231,Helin,$6842.72
Pontiac,G8,2008,bduffete0@typepad.com,Betsey,Female,505,236.71.137.156,Duffet,$2267.71
Pontiac,Gemini,1986,mbreednw@lulu.com,Miquela,Female,861,13.216.225.68,Breed,$7192.86
Pontiac,Grand Am,1987,jmcintee1u@independent.co.uk,Justen,Male,67,192.8.135.218,McIntee,$3007.23
Pontiac,Grand Am,1993,pwogden6j@canalblog.com,Pandora,Female,236,156.158.58.8,Wogden,$5367.38
Pontiac,Grand Prix,1971,ltonkinsonqj@networksolutions.com,Lydon,Male,956,187.69.94.161,Tonkinson,$2477.94
Pontiac,Grand Prix,1988,strevena1r@about.com,Skylar,Male,64,67.114.13.116,Trevena,$2558.36
Pontiac,Grand Prix,1993,tstansburyhb@youtube.com,Tammy,Male,624,30.43.220.102,Stansbury,$8867.84
Pontiac,Grand Prix,2002,jcasina9n@com.com,Jayson,Male,348,29.37.189.168,Casina,$9419.28
Pontiac,Sunbird,1984,jabrahartgv@merriam-webster.com,Juliane,Female,608,39.84.191.173,Abrahart,$5503.21
Pontiac,Sunfire,1999,hanfusso33@hp.com,Hedda,Female,112,234.37.1.90,Anfusso,$4336.85
Pontiac,Sunfire,2001,ecoasterco@huffingtonpost.com,Ernest,Male,457,221.5.181.244,Coaster,$2457.73
Pontiac,Tempest,1965,rchmarnynb@va.gov,Roddie,Male,840,234.139.222.207,Chmarny,$6830.21
Pontiac,Turbo Firefly,1990,vspurlinglv@sitemeter.com,Victoir,Male,788,247.45.133.155,Spurling,$8244.92
Pontiac,Vibe,2004,farrokk@w3.org,Francis,Male,741,232.221.181.3,Arro,$1135.35
Porsche,911,1988,astickney3i@barnesandnoble.com,Alisha,Female,127,54.120.206.246,Stickney,$3356.00
Porsche,911,1989,santhony3l@mysql.com,Sayre,Male,130,181.158.130.92,Anthony,$2940.23
Porsche,911,1993,rsuggettm5@mayoclinic.com,Rose,Female,798,154.4.49.204,Suggett,$302.85
Porsche,911,1994,afound4b@twitter.com,Andreana,Female,156,130.177.245.119,Found,$6920.39
Porsche,911,1995,rewensont@upenn.edu,Rad,Male,30,67.147.115.14,Ewenson,$6588.12
Porsche,911,2013,goldershawe6@sogou.com,Gerik,Male,511,13.22.72.125,Oldershaw,$1865.51
Porsche,924,1988,fbamberyae@google.com.au,Feliks,Male,375,128.162.76.46,Bambery,$5133.97
Porsche,928,1990,tmilam1l@mayoclinic.com,Thom,Male,58,139.235.23.59,Milam,$3217.73
Porsche,928,1991,tlambornefu@toplist.cz,Toddie,Male,571,80.102.176.57,Lamborne,$2913.25
Porsche,928,1995,rcoweuppe8l@ustream.tv,Randie,Female,310,169.205.46.175,Coweuppe,$2760.36
Porsche,944,1986,gcoganci@pcworld.com,Garner,Male,451,87.156.254.28,Cogan,$4280.44
Porsche,944,1991,naleksahkinm3@utexas.edu,Nial,Male,796,7.19.152.198,Aleksahkin,$7215.77
Porsche,Boxster,2001,cpinnerb2@trellian.com,Cassandra,Female,399,59.117.16.33,Pinner,$5123.02
Porsche,Boxster,2013,marchbellpx@angelfire.com,Margi,Female,934,124.87.104.118,Archbell,$4873.17
Porsche,Carrera GT,2005,ekemm1@guardian.co.uk,Eada,Female,794,66.217.245.117,Kem,$2951.38
Porsche,Cayenne,2010,nmattielli88@godaddy.com,Nada,Female,297,179.129.55.177,Mattielli,$8913.38
Porsche,Cayman,2006,tdelves51@blogger.com,Tootsie,Female,182,205.135.8.120,Delves,$9164.08
Porsche,Cayman,2012,ecutmore2t@purevolume.com,Elvin,Male,102,149.194.141.7,Cutmore,$1127.15
Ram,1500,2012,joshea7x@washingtonpost.com,Jodi,Male,286,103.111.173.40,O' Shea,$3223.75
Ram,3500,2011,bmcquilliaml0@illinois.edu,Binnie,Female,757,42.199.143.185,McQuilliam,$5863.79
Ram,Dakota,2011,nhebarde2@usatoday.com,Neron,Male,507,195.152.111.198,Hebard,$3979.28
Rolls-Royce,Phantom,2007,jfatherse3@mit.edu,Janith,Female,508,251.13.130.180,Fathers,$6870.15
Saab,9-3,2001,claboune9d@yellowpages.com,Claresta,Female,338,77.132.127.135,Laboune,$1126.40
Saab,9-3,2003,ccoulling5f@dion.ne.jp,Christoffer,Male,196,232.63.134.141,Coulling,$9557.80
Saab,9-3,2004,hhandmoreaw@baidu.com,Heall,Male,393,30.1.165.119,Handmore,$9497.57
Saab,9-3,2004,jleydon6p@ftc.gov,Jude,Male,242,177.255.133.82,Leydon,$9957.20
Saab,9-3,2005,araglessl7@google.com.au,Abby,Female,764,58.34.119.77,Ragless,$2228.77
Saab,9-3,2006,dteaserr6@de.vu,Derek,Male,979,139.110.12.38,Teaser,$178.72
Saab,9-5,2001,eflewdz@etsy.com,Emyle,Female,504,221.227.14.125,Flew,$3663.75
Saab,9-5,2005,bmoppett3e@cnet.com,Babara,Female,123,112.207.112.113,Moppett,$4298.46
Saab,9-5,2009,hdrakeit@cbsnews.com,Hakeem,Male,678,157.41.155.85,Drake,$5353.77
Saab,900,1984,crubinivitz38@amazonaws.com,Catriona,Female,117,141.164.157.209,Rubinivitz,$3997.58
Saab,9000,1993,eagatesl9@pagesperso-orange.fr,Eudora,Female,766,179.187.195.188,Agates,$4350.87
Saab,9000,1997,eskipseyi1@canalblog.com,Emory,Male,650,222.44.135.96,Skipsey,$3444.17
Saturn,Aura,2007,agumeryp2@google.co.uk,Aurilia,Female,903,162.53.82.62,Gumery,$1142.34
Saturn,L-Series,2001,cpetruc4@guardian.co.uk,Carver,Male,437,213.40.194.135,Petru,$4368.61
Saturn,Outlook,2007,pmarlenl@vkontakte.ru,Peter,Male,850,233.22.24.70,Marle,$185.32
Saturn,Outlook,2009,tallpress5h@miibeian.gov.cn,Timmie,Female,198,126.71.104.8,Allpress,$3155.30
Saturn,S-Series,1994,icoltart21@geocities.com,Iorgo,Male,74,92.115.217.166,Coltart,$351.13
Scion,FR-S,2013,zocorrin5b@angelfire.com,Zia,Female,192,169.56.175.56,O'Corrin,$1893.73
Scion,xB,2004,mmccomishfr@comsenz.com,Mercedes,Female,568,192.75.154.66,McComish,$4686.73
Scion,xB,2005,ahellyarlq@google.ca,Allyn,Male,783,27.230.15.49,Hellyar,$4177.17
Smart,Fortwo,2012,jwinfield2u@theguardian.com,Jo ann,Female,103,236.9.66.198,Winfield,$160.53
Subaru,Baja,2003,ggranton@fema.gov,Grethel,Female,888,205.122.214.73,Grant,$5671.59
Subaru,Baja,2003,ngiroldoiu@weather.com,Nilson,Male,679,109.107.186.105,Giroldo,$6189.49
Subaru,Forester,2004,mpendergastcp@dot.gov,Myrvyn,Male,458,112.90.6.226,Pendergast,$9746.64
Subaru,Impreza,1993,cswinford8k@angelfire.com,Cynthy,Female,309,210.153.81.18,Swinford,$337.63
Subaru,Impreza,1996,emooringnq@tuttocitta.it,Elisha,Female,855,3.202.11.92,Mooring,$5905.78
Subaru,Impreza,1996,hlowndesn3@flickr.com,Heindrick,Male,832,225.162.15.218,Lowndes,$4261.18
Subaru,Impreza,2002,alodepg@taobao.com,Aggi,Female,917,90.249.27.105,Lode,$3315.02
Subaru,Justy,1987,mmaria4h@craigslist.org,Meir,Male,162,219.73.156.185,Maria,$7967.55
Subaru,Justy,1993,lantonacci4u@yale.edu,Lucy,Female,175,221.50.38.16,Antonacci,$1525.02
Subaru,Legacy,1989,abrandrickmt@blogtalkradio.com,Antone,Male,822,5.213.255.98,Brandrick,$345.56
Subaru,Legacy,1989,frickabyjj@cdbaby.com,Fair,Male,704,8.90.245.254,Rickaby,$3380.33
Subaru,Legacy,1995,rbourgeoise1@ehow.com,Rozalin,Female,506,193.237.100.70,Bourgeois,$5058.88
Subaru,Legacy,2001,lsemradpm@simplemachines.org,Lorry,Male,923,54.103.222.96,Semrad,$8288.74
Subaru,Leone,1985,kfrosdickmg@prlog.org,Karlen,Female,809,1.241.147.203,Frosdick,$4542.01
Subaru,Loyale,1994,nburland4x@ft.com,Nora,Female,178,6.72.152.145,Burland,$105.93
Subaru,Outback,2009,bhughsbg@ft.com,Baudoin,Male,413,18.53.204.214,Hughs,$1699.31
Subaru,Tribeca,2011,mpoagq9@symantec.com,Madonna,Female,946,247.77.167.215,Poag,$7282.62
Subaru,Tribeca,2012,hwhileygg@ft.com,Horatio,Male,593,110.111.77.221,Whiley,$5092.75
Subaru,Tribeca,2012,mpitrollo4n@toplist.cz,Marcy,Female,168,25.215.195.130,Pitrollo,$2793.52
Subaru,XT,1987,glambertazzi9w@deliciousdays.com,Grete,Female,357,142.133.180.195,Lambertazzi,$7810.12
Suzuki,Aerio,2004,jwinckles8i@cbc.ca,Jacky,Male,307,124.237.47.102,Winckles,$1879.11
Suzuki,Daewoo Magnus,2005,acallum53@businessinsider.com,Arvie,Male,184,74.99.22.3,Callum,$3409.17
Suzuki,Forenza,2006,stwell1h@guardian.co.uk,Sarene,Female,54,167.142.253.232,Twell,$4948.88
Suzuki,Grand Vitara,2000,bsaynor5y@webeden.co.uk,Brenda,Female,215,72.230.251.176,Saynor,$8465.39
Suzuki,Grand Vitara,2001,tkershawfo@amazon.co.jp,Tessi,Female,565,38.251.198.79,Kershaw,$8570.69
Suzuki,Sidekick,1989,neseler5u@ucla.edu,Neville,Male,211,97.25.138.200,Eseler,$3690.88
Suzuki,SJ 410,1986,mbarendsil@ted.com,Marillin,Female,670,111.147.41.11,Barends,$646.83
Suzuki,Swift,1991,ecatchpolejo@aol.com,Elias,Male,709,22.25.181.130,Catchpole,$4466.80
Suzuki,Swift,1996,awoodlandsgw@qq.com,Arleyne,Female,609,139.191.126.100,Woodlands,$9105.41
Suzuki,Verona,2006,awrettumkb@technorati.com,Arel,Male,732,233.149.174.77,Wrettum,$1270.16
Suzuki,X-90,1996,ehestropi5@boston.com,Evanne,Female,654,108.247.149.238,Hestrop,$9360.24
Suzuki,XL-7,2001,msemeradjq@tuttocitta.it,Meridith,Female,711,126.249.142.159,Semerad,$8209.99
Suzuki,XL-7,2003,mtiptaftiy@prweb.com,Marvin,Male,683,125.149.126.207,Tiptaft,$265.59
Suzuki,XL7,2008,bbrownswortham@privacy.gov.au,Brinn,Female,383,184.33.90.41,Brownsworth,$2489.63
Toyota,4Runner,1992,midely@acquirethisname.com,Myles,Male,35,190.143.80.203,Idel,$9679.50
Toyota,4Runner,2007,rheazel1w@gizmodo.com,Robinson,Male,69,72.102.10.30,Heazel,$3221.93
Toyota,Avalon,2003,adabelsej@theatlantic.com,Arabelle,Female,524,16.23.135.64,Dabels,$6631.54
Toyota,Camry,1998,ptommaseoif@marketwatch.com,Patten,Male,664,199.5.96.21,Tommaseo,$7124.79
Toyota,Camry,2003,kbeardkn@flickr.com,Kristyn,Female,744,182.39.178.201,Beard,$5936.75
Toyota,Camry,2009,ralmakcg@umich.edu,Rubetta,Female,449,210.64.15.88,Almak,$5860.61
Toyota,Camry,2009,rcullrd@blinklist.com,Riannon,Female,986,202.97.50.110,Cull,$2464.49
Toyota,Celica,1976,hkittleskp@nydailynews.com,Herve,Male,746,165.80.164.253,Kittles,$3407.63
Toyota,Celica,1993,wgimlethf@blogtalkradio.com,Wynn,Female,628,71.24.30.242,Gimlet,$708.59
Toyota,Celica,2005,edimitrulx@gmpg.org,Englebert,Male,790,142.223.119.117,Dimitru,$9996.09
Toyota,Corolla,2003,cclaridge8p@1688.com,Claudio,Male,314,99.17.123.134,Claridge,$2797.45
Toyota,Echo,2000,rmaccrea8r@live.com,Rossy,Male,316,200.118.207.206,Maccrea,$5235.48
Toyota,Echo,2004,jmickanch@nationalgeographic.com,Janka,Female,450,130.94.64.15,Mickan,$345.91
Toyota,Highlander Hybrid,2007,jspiterihh@state.gov,John,Male,630,211.175.135.94,Spiteri,$3295.48
Toyota,Highlander,2006,emowat2l@disqus.com,Erminie,Female,94,153.99.152.209,Mowat,$9456.01
Toyota,Highlander,2006,jorgana3@google.com.br,Jarib,Male,364,53.71.153.109,Organ,$1334.76
Toyota,Land Cruiser,1999,klennardebk@cnet.com,Karel,Female,417,234.80.87.249,Lennarde,$6365.91
Toyota,Land Cruiser,2001,ngorce2@reference.com,Neville,Male,3,174.32.6.197,Gorce,$3903.69
Toyota,Land Cruiser,2002,clauchlanii@pen.io,Cristiano,Male,667,78.74.143.31,Lauchlan,$183.80
Toyota,Land Cruiser,2003,cwarbeyshu@dyndns.org,Charita,Female,643,122.127.185.38,Warbeys,$2048.74
Toyota,Land Cruiser,2003,mwenningtongc@photobucket.com,Muriel,Female,589,153.31.15.55,Wennington,$6363.63
Toyota,Matrix,2012,asweetzer4d@comcast.net,Aretha,Female,158,111.121.33.134,Sweetzer,$6783.88
Toyota,Matrix,2012,mesherwood13@youtube.com,Miltie,Male,40,64.92.104.130,Esherwood,$5788.82
Toyota,Paseo,1993,ncapronpd@state.tx.us,Noami,Female,914,135.159.123.99,Capron,$220.78
Toyota,Paseo,1996,kzecchiniifc@shareasale.com,Kerwinn,Male,553,155.53.166.149,Zecchinii,$299.31
Toyota,Paseo,1996,qjillitt8u@kickstarter.com,Quint,Male,319,26.204.43.50,Jillitt,$8767.28
Toyota,Previa,1991,fwindowsq1@ustream.tv,Fabio,Male,938,236.243.142.164,Windows,$4392.67
Toyota,Prius,2002,fohegertieh9@sohu.com,Fraze,Male,622,150.47.58.95,O'Hegertie,$5734.95
Toyota,Prius,2009,hhilarydq@topsy.com,Herbie,Male,495,212.113.153.251,Hilary,$7539.51
Toyota,RAV4,2002,glightollerm2@businessinsider.com,Garek,Male,795,121.130.201.67,Lightoller,$8451.83
Toyota,RAV4,2005,beyreov@icq.com,Byram,Male,896,152.221.74.131,Eyre,$5065.51
Toyota,RAV4,2008,awipperbx@va.gov,Avigdor,Male,430,98.155.27.205,Wipper,$8185.19
Toyota,RAV4,2009,slorkingq7@uol.com.br,Shermie,Male,944,39.174.205.243,Lorking,$4921.55
Toyota,RAV4,2011,sposvnerjs@usda.gov,Shellysheldon,Male,713,246.120.244.200,Posvner,$1607.41
Toyota,Sequoia,2008,roshesnan1y@state.tx.us,Rockwell,Male,71,52.26.241.9,O'Shesnan,$1117.24
Toyota,Sienna,2000,jisackd5@mlb.com,Jdavie,Male,474,251.45.233.182,Isack,$1653.14
Toyota,Sienna,2004,rkryszkaqh@cyberchimps.com,Roana,Female,954,145.131.64.135,Kryszka,$6465.73
Toyota,Sienna,2005,asparsholtdw@g.co,Alonzo,Male,501,57.198.80.144,Sparsholt,$140.86
Toyota,T100 Xtra,1997,adoogc@woothemes.com,Aguste,Male,13,184.28.123.159,Doog,$3549.91
Toyota,T100,1994,lpetcheyfj@vk.com,Lorne,Male,560,10.228.126.72,Petchey,$4710.73
Toyota,Tacoma Xtra,2002,hsey15@example.com,Helene,Female,42,101.171.41.170,Sey,$3314.85
Toyota,Tacoma,1998,barlett9k@instagram.com,Brendan,Male,345,32.187.99.5,Arlett,$1528.65
Toyota,Tacoma,2003,kleonh5@who.int,Kalvin,Male,618,66.37.58.141,Leon,$6043.52
Toyota,Tacoma,2009,gtremelliercy@nature.com,Grace,Female,467,59.55.135.127,Tremellier,$1915.73
Toyota,Tundra,2001,galyonovok@prlog.org,Gilberto,Male,885,225.29.51.235,Alyonov,$7985.51
Toyota,Venza,2011,gpenderfa@php.net,Grant,Male,551,125.143.103.76,Pender,$8940.18
Toyota,Xtra,1994,dhamp6g@mapy.cz,Doe,Female,233,101.72.241.100,Hamp,$7133.00
Toyota,Yaris,2009,sdyersonfy@vk.com,Sigmund,Male,575,48.214.209.104,Dyerson,$8586.34
Volkswagen,Cabriolet,1998,bburdus3a@google.ca,Brandon,Male,119,57.228.129.161,Burdus,$8205.83
Volkswagen,Eurovan,1994,dacory25@nih.gov,Demetri,Male,78,56.127.114.249,Acory,$1205.84
Volkswagen,Eurovan,1994,rkrolak75@tamu.edu,Rriocard,Male,258,194.247.203.220,Krolak,$5048.68
Volkswagen,Eurovan,1995,jferber77@pen.io,Johnnie,Male,260,105.218.13.148,Ferber,$4231.47
Volkswagen,Eurovan,1999,ichiplenl3@ning.com,Isabelle,Female,760,198.204.164.162,Chiplen,$6810.09
Volkswagen,Fox,1989,gcolliergr@chicagotribune.com,Genny,Female,604,117.211.240.98,Collier,$816.63
Volkswagen,Golf III,1995,ydelle8x@github.io,Yehudit,Male,322,27.112.231.172,Delle,$7434.76
Volkswagen,Golf,1984,sjay68@pbs.org,Sheffy,Male,225,199.205.120.221,Jay,$1150.51
Volkswagen,Golf,1992,bfellis5x@imdb.com,Britta,Female,214,181.41.46.217,Fellis,$7612.60
Volkswagen,Golf,1995,asondland30@last.fm,Angy,Female,109,214.126.223.184,Sondland,$2529.42
Volkswagen,GTI,1987,jgerardotju@seesaa.net,Jennilee,Female,715,61.13.250.131,Gerardot,$2784.69
Volkswagen,GTI,1992,fofinaniz@privacy.gov.au,Fransisco,Male,684,49.32.208.4,O'Finan,$5694.00
Volkswagen,GTI,2001,nhawkeref@va.gov,Nisse,Female,520,168.84.255.43,Hawker,$9593.03
Volkswagen,Jetta,1995,kbotrighth6@gravatar.com,Kev,Male,619,165.249.230.4,Botright,$7671.38
Volkswagen,Jetta,1999,jkivlinqs@gmpg.org,Jessie,Male,965,16.27.112.71,Kivlin,$7465.01
Volkswagen,Jetta,2001,miacobetton0@dot.gov,Mildred,Female,829,81.209.240.53,Iacobetto,$7544.82
Volkswagen,New Beetle,2002,cdeclairmonthr@desdev.cn,Carleen,Female,640,27.207.143.29,De Clairmont,$7647.14
Volkswagen,New Beetle,2003,drevellmy@hp.com,Donnamarie,Female,827,2.134.171.104,Revell,$1268.24
Volkswagen,New Beetle,2004,fknoles32@indiatimes.com,Friedrich,Male,111,108.174.26.6,Knoles,$5484.51
Volkswagen,Passat,1985,mkikkema@soup.io,Myca,Male,803,114.44.27.74,Kikke,$9939.76
Volkswagen,Passat,1988,zwilsonbq@shareasale.com,Zena,Female,423,197.68.138.76,Wilson,$3029.61
Volkswagen,Passat,1995,cdibsdalelc@aol.com,Crichton,Male,769,42.178.215.166,Dibsdale,$1518.96
Volkswagen,Passat,1996,atringhambv@constantcontact.com,Averil,Male,428,130.67.95.29,Tringham,$1597.84
Volkswagen,R32,2008,cbreeseq@ca.gov,Consolata,Female,27,166.112.218.67,Breese,$5993.79
Volkswagen,Routan,2009,ggoodey3j@themeforest.net,Gaylord,Male,128,174.242.217.58,Goodey,$4505.55
Volkswagen,Scirocco,1988,wayrton52@smh.com.au,Winny,Male,183,106.235.21.121,Ayrton,$4858.69
Volkswagen,Tiguan,2011,tclemendotny@about.me,Tilda,Female,863,226.107.68.249,Clemendot,$6935.65
Volkswagen,Touareg 2,2009,bbernakiewicz2k@ocn.ne.jp,Benjamen,Male,93,165.97.27.80,Bernakiewicz,$1436.36
Volkswagen,Touareg,2006,kvearncombke@sciencedaily.com,Kyle,Female,735,131.130.130.89,Vearncomb,$3596.99
Volkswagen,Touareg,2007,gbaitson3v@wufoo.com,Glen,Male,140,89.77.144.103,Baitson,$3411.21
Volkswagen,Touareg,2009,ulilleycropg7@hubpages.com,Ulla,Female,584,105.179.225.60,Lilleycrop,$6144.45
Volvo,850,1993,asaurin7j@tripadvisor.com,Arabel,Female,272,190.148.37.49,Saurin,$7277.99
Volvo,940,1992,fcompston8d@miitbeian.gov.cn,Feliks,Male,302,252.239.31.195,Compston,$9111.23
Volvo,940,1995,fjumpe@cyberchimps.com,Filberto,Male,15,35.145.154.249,Jump,$1355.86
Volvo,960,1993,mfewkesf2@opensource.org,Mariette,Female,543,237.42.219.192,Fewkes,$9075.16
Volvo,960,1993,mscholling6o@last.fm,Modesty,Female,241,121.112.96.38,Scholling,$2775.64
Volvo,960,1994,wharsnipelt@constantcontact.com,Wyndham,Male,786,224.157.230.28,Harsnipe,$5471.73
Volvo,C30,2008,ecorrink7@who.int,Edeline,Female,728,154.176.191.200,Corrin,$6090.66
Volvo,C30,2009,yfrugierjk@ning.com,Yance,Male,705,147.120.221.11,Frugier,$6606.37
Volvo,C70,2002,bguillotinh@dmoz.org,Brinn,Female,18,79.188.253.143,Guillotin,$8315.19
Volvo,C70,2002,lbloxhamph@plala.or.jp,Leanora,Female,918,59.137.44.23,Bloxham,$7803.53
Volvo,S40,2002,aserle62@hc360.com,Anita,Female,219,122.158.59.12,Serle,$3666.17
Volvo,S40,2010,mgiacobonirh@sfgate.com,Maryellen,Female,990,167.17.60.33,Giacoboni,$1784.75
Volvo,S70,1999,gmaylorij@t-online.de,Gideon,Male,668,145.108.219.135,Maylor,$1869.65
Volvo,S70,2000,ccadwalladerpc@jalbum.net,Claire,Male,913,217.177.206.93,Cadwallader,$1030.16
Volvo,S70,2000,dmickanlh@cbslocal.com,Debbie,Female,774,45.4.122.82,Mickan,$5074.17
Volvo,S80,2011,hmahmood3o@cbslocal.com,Hermina,Female,133,180.138.235.81,Mahmood,$6211.35
Volvo,V70,2007,ffarrerbp@utexas.edu,Farr,Male,422,82.97.172.237,Farrer,$787.68
Volvo,V90,1998,oboschdr@harvard.edu,Oneida,Female,496,255.120.220.221,Bosch,$4786.57
Volvo,XC70,2009,jabramowitch7i@buzzfeed.com,Jeff,Male,271,194.199.16.149,Abramowitch,$5330.57
Volvo,XC90,2003,feisikowitchkm@si.edu,Faulkner,Male,743,16.93.234.177,Eisikowitch,$9079.67
Volvo,XC90,2005,ldineenn4@statcounter.com,Lazaro,Male,833,136.95.183.201,Dineen,$932.20
Volvo,XC90,2006,akleislegx@scientificamerican.com,Amber,Female,610,58.237.68.24,Kleisle,$5328.37
Volvo,XC90,2009,alimeburner5@fastcompany.com,Ali,Male,6,149.20.241.39,Limeburner,$5561.33
